1446034685.17	0
1446037257.884	0
1446037544.75	0
1446037549.587	0
1446037553.059	0
1446037879.381	0
1446037885.383	0
1446039894.341	0
1446042965.66	0
1446043931.454	0
1446045914.397	0
1446046660.666	0
1446050068.195	0
1446053795.929	0
1446053928.371	0
1446055879.58	0
1446056558.393	0
1446056562.719	0
1446056574.319	0
1446056790.362	0
1446057019.334	0
1446057029.15	0
1446057726.283	0
1446057875.53	0
1446057906.457	0
1446058878.259	0
1446060264.314	0
1446061692.676	0
1446063327.815	0
1446064360.398	0
1446064433.266	0
1446066127.107	0
1446066237.431	0
1446066674.013	0
1446067224.851	0
1446068507.762	0
1446069309.32	0
1446069892.687	0
1446069915.289	0
1446070094.664	0
1446070165.778	0
1446070511.729	0
1446070739.226	0
1446070759.214	0
1446070820.689	0
1446070834.72	0
1446072552.645	0
1446072577.96	0
1446072622.899	0
1446072633.132	0
1446072693.311	0
1446072958.531	0
1446072978.435	0
1446073312.645	0
1446073628.822	0
1446073681.548	0
1446074614.213	0
1446074929.411	0
1446074965.398	0
1446074984.167	0
1446075296.649	0
1446076159.897	0
1446076164.715	0
1446076455.75	0
1446076646.269	0
1446076689.576	0
1446076795.812	0
1446076805.98	0
1446077195.662	0
1446077202.722	0
1446077286.245	0
1446077441.576	0
1446077685.078	0
1446077733.371	0
1446078103.404	0
1446078204.798	0
1446078233.286	0
1446078460.666	0
1446078549.359	0
1446078748.729	0
1446079120.666	0
1446079134.923	0
1446079215.329	0
1446079451.307	0
1446079582.087	0
1446079672.534	0
1446079713.593	0
1446079899.068	0
1446080030.142	0
1446080173.332	0
1446080458.623	0
1446080636.492	0
1446080651.721	0
1446080693.953	0
1446081800.677	0
1446081846.302	0
1446082533.461	0
1446082679.63	0
1446082734.831	0
1446082908.346	0
1446083302.853	0
1446083326.053	0
1446083372.957	0
1446083384.668	0
1446083414.195	0
1446083542.342	0
1446083630.34	0
1446083671.264	0
1446083857.102	0
1446083884.022	0
1446084338.382	0
1446084590.202	0
1446084714.669	0
1446084741.612	0
1446084885.243	0
1446085026.142	0
1446085223.308	0
1446085234.506	0
1446085251.104	0
1446085302.347	0
1446085309.908	0
1446085349.646	0
1446085388.024	0
1446085418.836	0
1446085472.432	0
1446085710.548	0
1446085780.749	0
1446085847.485	0
1446086048.392	0
1446086086.69	0
1446086139.341	0
1446086422.265	0
1446086638.426	0
1446086914.593	0
1446086952.248	0
1446087054.617	0
1446087067.086	0
1446087094.092	0
1446087115.819	0
1446087120.455	0
1446087181.235	0
1446087323.964	0
1446087502.205	0
1446087737.255	0
1446087769.634	0
1446088031.36	0
1446088077.004	0
1446088233.382	0
1446088244.733	0
1446122303.05	0
1446125705.749	0
1446126681.867	0
1446133000.506	0
1446133287.477	0
1446133723.532	0
1446136183.666	0
1446137259.218	0
1446137662.971	0
1446138309.863	0
1446138633.596	0
1446139494.136	0
1446139499.347	0
1446150243.25	0
1446150248.296	0
1446150335.049	0
1446150388.344	0
1446150562.649	0
1446151205.376	0
1446152750.368	0
1446152983.232	0
1446153004.874	0
1446153012.724	0
1446153024.28	0
1446153065.733	0
1446153138.366	0
1446153182.396	0
1446153238.247	0
1446153337.08	0
1446153727.427	0
1446153827.426	0
1446153907.639	1
1446154239.958	0
1446154243.071	0
1446154270.478	0
1446154375.747	0
1446154572.434	0
1446154603.289	0
1446154872.206	0
1446154917.277	0
1446155022.673	0
1446155117.754	0
1446155188.42	0
1446156516.669	0
1446157418.525	1
1446168137.085	0
1446168515.884	0
1446168545.002	0
1446169272.669	0
1446169309.034	0
1446169449.04	0
1446169750.157	0
1446169863.82	0
1446169921.013	0
1446169954.499	0
1446169985.126	0
1446170048.39	0
1446170249.301	0
1446170377.322	0
1446170378.171	0
1446170404.27	0
1446170624.424	0
1446170940.355	0
1446171962.673	0
1446172089.338	0
1446172253.004	0
1446172685.576	0
1446172765.09	0
1446173085.642	0
1446173199.312	0
1446173424.337	0
1446173915.431	0
1446174146.414	0
1446174197.249	0
1446174201.932	0
1446174375.59	0
1446174428.138	0
1446174535.312	0
1446174674.898	0
1446174681.161	0
1446175017.04	0
1446175106.566	0
1446175206.31	0
1446175211.371	0
1446175353.972	0
1446175451.286	0
1446175599.654	0
1446175714.386	0
1446176321.606	0
1446176437.542	0
1446176650.972	0
1446176693.064	0
1446176794.227	0
1446177114.265	0
1446177319.464	0
1446177362.532	0
1446177435.319	0
1446177531.117	0
1446177539.954	0
1446177683.498	0
1446177699.966	0
1446177924.085	0
1446203807.588	1
1446208043.761	0
1446208146.025	0
1446208764.555	0
1446208787.506	0
1446208868.091	0
1446210550.503	0
1446210813.417	0
1446210911.397	0
1446211058.805	0
1446212923.6	0
1446215275.972	0
1446215287.396	0
1446215795.442	0
1446215839.541	0
1446216007.41	0
1446216244.352	0
1446216849.607	0
1446217342.857	0
1446217408.45	0
1446217955.066	0
1446218862.704	0
1446219695.076	0
1446219820.276	0
1446219908.984	0
1446220190.527	0
1446221546.953	0
1446221682.407	0
1446221724.885	0
1446221913.452	0
1446222039.343	0
1446222700.668	0
1446222743.305	0
1446222769.532	0
1446222871.63	0
1446223076.324	0
1446223102.37	0
1446223165.965	0
1446226394.9	0
1446226447.079	0
1446226526.341	0
1446226694.56	0
1446226697.15	0
1446227291.478	0
1446227335.229	0
1446227401.305	0
1446227424.702	0
1446227930.382	0
1446229939.898	0
1446230653.571	0
1446230667.487	0
1446230705.133	0
1446232335.908	0
1446236558.722	0
1446236934.997	0
1446236944.666	0
1446237168.286	0
1446237302.922	0
1446237386.96	0
1446237403.033	0
1446237410.644	0
1446239200.844	0
1446239219.292	0
1446239237.493	0
1446239808.444	0
1446240812.537	0
1446240857.336	0
1446243394.266	0
1446243481.278	0
1446244612.296	0
1446244875.363	0
1446245416.771	0
1446245744.551	0
1446246497.653	0
1446247192.716	0
1446247764.896	0
1446247928.504	0
1446248439.581	0
1446249161.329	0
1446249271.472	0
1446249301.99	0
1446250208.7	0
1446250443.97	0
1446250461.541	0
1446250649.474	0
1446252874.726	0
1446253017.986	0
1446253743.877	0
1446253875.987	0
1446254612.117	0
1446255872.257	0
1446256122.238	0
1446256717.505	0
1446256755.869	0
1446256762.199	0
1446256852.877	0
1446256896.68	0
1446256929.669	0
1446256987.415	0
1446257020.606	0
1446257043.654	0
1446257066.731	0
1446257090.912	0
1446257106.701	0
1446257137.042	0
1446257153.668	0
1446257247.316	0
1446257333.316	0
1446257374.11	0
1446257402.198	0
1446257531.531	0
1446257571.434	0
1446257607.094	0
1446258536.493	0
1446258558.403	0
1446258769.436	0
1446259054.314	0
1446259762.469	0
1446260678.453	0
1446260728.327	0
1446261036.671	0
1446299546.793	1
1446306962.448	1
1446307825.551	0
1446309021.813	0
1446309197.486	0
1446312388.44	1
1446313747.768	0
1446317892.748	0
1446319427.723	0
1446326341.875	0
1446327405.871	0
1446327898.918	0
1446328442.459	0
1446329368.871	0
1446334070.09	0
1446334785.205	0
1446334795.634	0
1446335059.972	0
1446335082.205	0
1446335380.853	0
1446336287.344	0
1446336832.485	0
1446336834.752	0
1446338102.51	0
1446338501.502	0
1446338658.852	1
1446339360.225	0
1446340401.692	0
1446340403.353	0
1446340646.297	0
1446340870.299	0
1446340898.731	0
1446343067.68	0
1446343177.112	0
1446343420.378	0
1446343429.999	0
1446343527.284	0
1446343538.282	0
1446343996.182	0
1446344239.405	0
1446344469.93	0
1446344589.298	0
1446344766.297	0
1446345782.044	0
1446345847.715	0
1446346288.311	0
1446346483.361	0
1446346553.287	0
1446346670.318	0
1446346789.639	0
1446346921.415	0
1446346940.567	0
1446347136.976	0
1446347170.195	0
1446347259.906	0
1446347401.903	0
1446347423.768	0
1446347501.687	0
1446347509.496	0
1446347677.729	0
1446347703.09	0
1446347717.459	0
1446347911.988	0
1446348201.291	0
1446348237.332	0
1446348596.608	0
1446348604.176	0
1446348659.367	0
1446348690.068	0
1446349609.412	0
1446388563.775	0
1446401113.072	0
1446404189.029	0
1446404193.545	0
1446404425.42	0
1446404906.47	0
1446404977.338	0
1446405041.369	0
1446407296.533	0
1446407502.307	0
1446409066.476	0
1446409527.358	0
1446410705.165	0
1446412227.824	0
1446412464.941	0
1446413787.506	0
1446422844.866	0
1446422857.852	0
1446423040.748	0
1446423049.342	0
1446423214.464	0
1446423273.339	0
1446423349.78	0
1446423362.281	0
1446423374.253	0
1446423618.349	0
1446423920.35	0
1446424018.34	0
1446424028.885	0
1446424231.274	0
1446424682.404	0
1446424698.356	0
1446425053.387	0
1446425579.211	0
1446425583.789	0
1446426274.637	0
1446426509.006	0
1446426740.821	0
1446428003.578	0
1446429790.395	0
1446432873.197	1
1446432915.278	1
1446432925.74	1
1446433101.111	1
1446435769.733	0
1446465725.309	0
1446465760.511	0
1446465889.667	0
1446465968.674	0
1446466037.113	0
1446466123.761	0
1446466137.696	0
1446466720.818	0
1446466926.487	0
1446467118.761	0
1446467148.127	0
1446467204.446	0
1446467397.194	0
1446467448.486	0
1446467510.259	0
1446467569.491	0
1446467627.104	0
1446467704.055	0
1446468327.595	0
1446468629.675	0
1446468836.57	0
1446469077.62	0
1446469571.684	0
1446469795.379	0
1446470212.325	0
1446470296.496	0
1446470307.003	0
1446470319.741	0
1446470355.287	0
1446471845.642	0
1446472645.352	0
1446476034.215	0
1446481094.603	0
1446481127.313	0
1446483384.593	0
1446489034.062	0
1446490946.847	0
1446498572.317	1
1446498980.868	0
1446499014.701	1
1446499118.468	1
1446499464.962	0
1446499493.639	0
1446499526.786	0
1446500552.526	0
1446500817.081	1
1446501747.26	1
1446501893.53	0
1446502528.411	0
1446502731.191	0
1446503020.878	0
1446503071.327	0
1446503302.998	0
1446505303.051	0
1446505624.139	0
1446505941.405	0
1446506078.025	0
1446507638.99	0
1446509982.63	0
1446511327.603	0
1446512539.564	0
1446512607.957	0
1446513689.606	0
1446513920.243	0
1446513970.131	0
1446514076.297	0
1446514106.036	0
1446514201.289	0
1446514456.11	0
1446515015.617	0
1446515264.771	0
1446515319.313	0
1446515591.286	0
1446515622.357	0
1446515673.221	0
1446515930.419	0
1446516188.503	0
1446516471.845	0
1446516837.339	0
1446516848.324	0
1446517991.265	0
1446517995.261	0
1446518151.922	0
1446518388.575	0
1446518412.906	0
1446518735.578	0
1446518799.446	0
1446519181.052	0
1446519333.895	0
1446519392.47	0
1446519601.338	0
1446519655.951	0
1446519729.341	0
1446519858.4	0
1446519982.396	0
1446520026.326	0
1446520026.599	0
1446520078.689	0
1446520204.076	0
1446520241.386	0
1446520274.652	0
1446520381.354	0
1446520528.273	0
1446520737.325	0
1446521036.359	0
1446522998.7	0
1446523011.217	0
1446523097.385	0
1446523341.271	0
1446523380.948	0
1446523564.312	0
1446523601.134	0
1446523605.971	0
1446523739.301	0
1446523848.59	0
1446524012.377	0
1446524089.716	0
1446524129.302	0
1446524143.304	0
1446524278.59	0
1446524331.009	0
1446524447.307	0
1446524679.262	0
1446525002.262	0
1446525217.755	0
1446525285.707	0
1446525321.618	0
1446525504.665	0
1446525517.526	0
1446525587.929	0
1446525659.422	0
1446525721.28	0
1446525726.258	0
1446525776.173	0
1446525818.241	0
1446525869.598	0
1446525919.438	0
1446526115.305	0
1446526136.318	0
1446526177.888	0
1446526271.308	0
1446526288.41	0
1446526527.3	0
1446526551.812	0
1446526681.289	0
1446526917.107	0
1446526924.867	0
1446526940.856	0
1446526959.642	0
1446526967.25	0
1446527244.335	0
1446527353.361	0
1446527495.19	0
1446527701.082	0
1446527710.158	0
1446527760.952	0
1446553093.6	0
1446553113.217	0
1446553179.305	0
1446553353.601	0
1446553618.399	0
1446556288.781	0
1446557888.587	0
1446575440.979	0
1446580447.981	0
1446583282.618	1
1446583610.731	1
1446585125.565	0
1446585847.62	0
1446585874.16	0
1446589211.353	0
1446589768.711	0
1446590775.691	0
1446591133.277	0
1446591223.745	0
1446591258.025	0
1446592506.773	0
1446592521.414	0
1446595004.408	0
1446599252.361	1
1446600522.779	0
1446600529.237	0
1446600818.601	0
1446601402.102	0
1446602070.574	0
1446602169.317	0
1446602484.493	0
1446602487.693	0
1446602498.556	0
1446602653.266	0
1446602840.46	0
1446603181.425	0
1446603492.572	0
1446603711.438	0
1446603868.539	0
1446603904.387	0
1446604039.522	0
1446605119.617	0
1446605383.626	0
1446605638.5	0
1446606220.557	0
1446606468.605	0
1446606517.304	0
1446606585.307	0
1446606820.114	0
1446606880.466	0
1446607347.496	0
1446607611.469	0
1446607731.454	0
1446607820.464	0
1446607927.325	0
1446607940.045	0
1446608597.406	0
1446608800.465	0
1446609002.594	0
1446609107.171	0
1446609116.054	0
1446609294.647	0
1446609342.888	0
1446609540.45	0
1446610554.312	0
1446611059.293	0
1446635911.629	0
1446636063.294	1
1446638848.634	0
1446638862.319	0
1446639370.665	0
1446641091.703	0
1446643238.702	0
1446649932.666	0
1446651627.952	0
1446651726.004	0
1446651851.891	0
1446652287.629	0
1446655754.603	0
1446655756.73	0
1446655764.288	0
1446658837.435	0
1446658848.416	0
1446658935.628	0
1446658938.026	0
1446660517.404	0
1446660929.197	0
1446661419.408	0
1446661487.414	0
1446661489.892	0
1446663139.492	0
1446663692.683	0
1446663805.37	0
1446664121.72	0
1446670253.804	0
1446672907.493	1
1446673191.1	0
1446674229.206	0
1446674765.363	0
1446674777.623	0
1446674909.159	0
1446675222.802	0
1446675515.929	0
1446676034.641	0
1446676138.072	0
1446676420.305	0
1446677127.834	0
1446677205.099	0
1446677263.009	0
1446677497.925	0
1446677599.645	0
1446677626.786	0
1446677655.009	0
1446677665.122	0
1446677749.057	0
1446678065.275	0
1446679057.402	0
1446679964.115	0
1446680091.476	0
1446682861.84	0
1446682966.104	0
1446683031.074	0
1446683031.784	0
1446686295.866	0
1446686938.838	0
1446687043.624	0
1446687348.909	0
1446687356.572	0
1446687441.929	0
1446687771.309	0
1446687784.041	0
1446687824.939	0
1446687881.12	0
1446689773.332	0
1446690011.445	0
1446692549.601	0
1446692828.532	0
1446692996.171	0
1446693244.412	0
1446693485.31	0
1446693494.061	0
1446693718.356	0
1446693788.32	0
1446693888.298	0
1446693975.082	0
1446694445.07	0
1446694566.528	0
1446694681.405	0
1446694724.309	0
1446694750.432	0
1446695515.774	0
1446695517.944	0
1446695641.366	0
1446731739.114	0
1446732440.691	0
1446733247.355	0
1446733251.091	0
1446734544.87	0
1446736757.184	0
1446737558.504	0
1446737577.137	0
1446737674.398	0
1446737727.375	0
1446744274.99	0
1446744281.006	0
1446746418.255	0
1446746431.182	0
1446746925.795	0
1446746948.535	0
1446747756.865	1
1446747874.427	1
1446747931.931	1
1446748287.178	0
1446751345.722	0
1446751356.203	0
1446755328.205	0
1446755342.788	0
1446755719.557	0
1446756187.907	0
1446756665.897	0
1446757096.322	1
1446758355.766	1
1446758386.612	1
1446758709.293	1
1446760510.392	0
1446761152.665	0
1446761168.471	0
1446761253.511	0
1446761334.9	0
1446761421.41	0
1446761426.853	0
1446761621.015	0
1446761725.858	0
1446761748.723	0
1446761898.014	0
1446761914.429	0
1446761963.43	0
1446761990.091	0
1446762165.166	0
1446763028.778	0
1446763420.736	0
1446763440.272	0
1446763573.171	0
1446763682.447	0
1446763693.618	0
1446763979.792	0
1446763990.087	0
1446764045.678	0
1446764229.348	0
1446766253.416	0
1446766525.071	0
1446766891.095	0
1446775898.594	0
1446776955.968	0
1446777561.852	0
1446777904.884	0
1446779379.924	0
1446779564.312	0
1446779605.151	0
1446779753.428	0
1446780092.412	0
1446780133.312	0
1446780316.87	0
1446780409.523	0
1446780961.754	0
1446781469.257	0
1446781621.788	0
1446781840.85	0
1446782255.827	0
1446782258.21	0
1446782329.27	0
1446782481.572	0
1446782808.274	0
1446782982.13	0
1446783003.169	0
1446783133.332	0
1446783135.641	0
1446783296.125	0
1446783481.357	0
1446783537.37	0
1446783702.792	0
1446783892.802	0
1446784065.698	0
1446784286.785	0
1446784306.223	0
1446784321.317	0
1446784959.909	0
1446784988.223	0
1446785027.708	0
1446785126.341	0
1446785139.095	0
1446785160.82	0
1446785200.618	0
1446785237.434	0
1446785381.679	0
1446785427.913	0
1446785590.564	0
1446785595.773	0
1446813342.716	0
1446813988.93	0
1446814010.968	0
1446814046.49	0
1446815233.558	0
1446817391.842	0
1446818194.77	0
1446818238.447	0
1446818247.248	0
1446818596.504	0
1446829272.753	0
1446829275.472	0
1446831108.133	0
1446831236.417	0
1446831244.011	0
1446831278.37	0
1446831488.975	0
1446831534.313	0
1446837161.029	0
1446838982.374	0
1446839670.505	0
1446839778.117	0
1446848564.346	0
1446848660.063	0
1446849596.508	0
1446849613.614	1
1446853710.436	0
1446853838.351	0
1446855427.324	0
1446858309.81	0
1446858451.592	0
1446859198.29	0
1446860247.371	0
1446860522.725	0
1446860570.361	0
1446860739.724	0
1446860747.301	0
1446860834.16	0
1446860886.241	0
1446860969.519	0
1446861005.258	0
1446861079.836	0
1446861233.336	0
1446862312.041	0
1446862350.33	0
1446862563.488	0
1446862663.489	0
1446862755.336	0
1446862945.3	0
1446863078.406	0
1446863802.359	0
1446863813.324	0
1446863960.311	0
1446864988.935	0
1446865090.675	0
1446865591.386	0
1446865600.036	0
1446865862.334	0
1446866122.374	0
1446866215.277	0
1446866270.041	0
1446866484.089	0
1446866495.5	0
1446867028.33	0
1446867267.187	0
1446867299.292	0
1446867431.272	0
1446867465.601	0
1446867522.319	0
1446867910.108	0
1446867925.278	0
1446869095.398	0
1446869475.818	0
1446870074.313	0
1446870544.408	0
1446870652.05	0
1446870661.065	0
1446870788.81	0
1446870933.829	0
1446870989.959	0
1446871002.627	0
1446871165.316	0
1446871201.186	0
1446871304.643	0
1446871315.014	0
1446871504.391	0
1446911670.939	0
1446911673.48	0
1446911696.405	0
1446913555.392	0
1446913943.474	0
1446914099.331	0
1446914166.316	0
1446914494.434	0
1446914505.285	0
1446915739.351	0
1446915774.258	0
1446916415.285	0
1446917026.445	0
1446918825.64	0
1446920077.717	0
1446920125.375	0
1446920231.297	0
1446920288.298	0
1446920496.584	0
1446920525.785	0
1446920595.0	0
1446920614.521	0
1446920661.066	0
1446920661.914	0
1446920821.07	0
1446920838.08	0
1446920853.448	0
1446920894.942	0
1446920899.961	0
1446921040.282	0
1446921699.347	1
1446922217.625	0
1446925645.631	1
1446925937.012	0
1446925950.322	0
1446926230.636	0
1446927431.498	0
1446928276.68	0
1446932518.024	0
1446932843.551	0
1446933088.532	0
1446933232.765	0
1446933563.602	0
1446934052.378	0
1446934063.312	0
1446936430.46	0
1446936642.839	0
1446937361.46	0
1446938068.145	0
1446938623.563	0
1446940621.742	0
1446941444.774	0
1446941530.277	0
1446945045.974	0
1446946335.329	0
1446946387.434	0
1446946651.711	0
1446948297.358	1
1446949210.513	0
1446949673.34	0
1446949680.61	0
1446949957.628	0
1446950462.203	0
1446950545.419	0
1446950791.398	0
1446951439.544	0
1446952686.336	0
1446952711.207	0
1446952758.069	0
1446952867.292	0
1446953490.475	0
1446954253.274	0
1446955589.589	0
1446955761.376	0
1446955806.982	0
1446955870.94	0
1446955877.356	0
1446956020.769	0
1446956346.699	0
1446956623.667	0
1446956764.354	0
1446956979.335	0
1446957235.409	0
1446957238.912	0
1446957414.674	0
1446957418.963	0
1446957509.415	0
1446957519.371	0
1446957755.283	0
1446958058.447	0
1446958491.067	0
1446958677.76	0
1446958678.322	0
1446958726.32	0
1446958812.104	0
1446959375.167	0
1446959451.608	0
1446959464.9	0
1446959676.798	0
1446961459.042	0
1446961500.884	0
1446961538.201	0
1446962113.819	0
1446993371.646	0
1446993376.934	0
1446993433.758	0
1446994082.366	0
1446995404.249	0
1446996096.555	0
1446997037.616	0
1446997110.714	0
1446997655.077	0
1446997722.494	0
1446999663.876	0
1446999666.496	0
1446999691.139	0
1446999763.997	0
1446999842.236	0
1446999872.272	0
1447000462.553	0
1447000478.301	0
1447001038.542	0
1447001577.544	0
1447001609.677	0
1447002110.596	0
1447009201.796	0
1447009204.885	0
1447010401.054	0
1447015379.72	0
1447015650.962	0
1447015852.249	0
1447017013.336	0
1447022087.861	0
1447023003.479	0
1447023620.465	0
1447024076.364	0
1447024440.174	0
1447024756.38	0
1447024933.266	0
1447027536.067	0
1447028086.704	0
1447028244.304	0
1447028814.855	0
1447030963.688	0
1447033314.971	0
1447033415.688	0
1447033450.752	0
1447034372.787	0
1447035276.462	0
1447035448.39	0
1447036407.147	0
1447036887.21	0
1447037117.784	0
1447037150.45	0
1447037892.258	0
1447038256.711	0
1447038710.57	0
1447038715.245	0
1447038792.548	0
1447038811.318	0
1447038825.292	0
1447041920.658	0
1447045703.006	0
1447045752.272	0
1447046029.79	0
1447046253.816	0
1447073783.568	0
1447074177.304	0
1447075519.025	0
1447077474.606	0
1447080263.79	0
1447080485.386	0
1447080602.865	0
1447080947.754	0
1447080948.741	0
1447081621.871	0
1447081713.312	0
1447082113.295	0
1447082517.206	0
1447082818.631	0
1447082939.342	0
1447082946.283	0
1447083438.401	0
1447083988.934	0
1447084466.412	0
1447084959.391	0
1447085070.338	0
1447085123.307	0
1447085406.484	0
1447085518.287	0
1447085761.318	0
1447085996.274	0
1447086074.546	0
1447087478.062	0
1447088862.525	0
1447088878.905	0
1447089550.477	0
1447089558.401	0
1447090094.402	0
1447090916.615	0
1447091121.054	0
1447091440.023	0
1447091568.298	0
1447091633.0	0
1447091645.615	0
1447091693.702	0
1447091996.497	0
1447092019.346	0
1447092047.903	0
1447092106.72	0
1447092313.863	0
1447092391.701	0
1447092754.302	1
1447099304.527	0
1447099701.373	0
1447101435.09	0
1447104995.513	0
1447106553.525	0
1447106973.889	0
1447107916.978	1
1447107943.88	1
1447107972.507	1
1447108094.041	1
1447108287.427	1
1447109320.755	0
1447109455.297	0
1447111319.681	0
1447111690.408	0
1447112605.776	0
1447112609.876	0
1447112653.142	0
1447113192.405	0
1447113210.307	0
1447113213.762	0
1447113476.383	0
1447114338.752	1
1447114437.172	0
1447115783.786	0
1447115790.896	0
1447116460.706	1
1447116547.449	0
1447116733.313	0
1447116761.156	0
1447116826.627	0
1447116833.002	0
1447116833.386	0
1447117007.315	0
1447117158.314	0
1447117377.595	0
1447117659.279	0
1447117892.494	0
1447117953.388	0
1447118677.993	0
1447118679.816	0
1447118686.944	0
1447119215.385	0
1447119453.413	0
1447120293.625	0
1447120619.288	0
1447120957.378	0
1447121063.922	0
1447121399.433	0
1447121686.529	0
1447121815.302	0
1447121972.282	0
1447122612.308	0
1447122772.343	0
1447122791.357	0
1447122851.396	0
1447123188.258	0
1447123549.688	0
1447123698.29	0
1447123848.289	0
1447124014.293	0
1447124128.651	0
1447124192.504	0
1447124328.329	0
1447124336.429	0
1447124442.895	0
1447124534.32	0
1447124709.322	0
1447124801.531	0
1447125059.237	0
1447125209.8	0
1447125292.588	0
1447125704.886	0
1447126387.893	0
1447127355.396	0
1447127471.391	0
1447127478.166	0
1447127653.503	0
1447127687.836	0
1447127702.925	0
1447127724.889	0
1447127764.672	0
1447127771.335	0
1447127802.765	0
1447127851.259	0
1447128000.838	0
1447128052.696	0
1447128082.313	0
1447128125.876	0
1447128460.56	0
1447129190.246	0
1447129396.465	0
1447129800.422	0
1447130233.764	0
1447130492.187	0
1447130821.386	0
1447130832.499	0
1447131183.536	0
1447131557.641	0
1447131700.415	0
1447156712.508	0
1447162312.627	0
1447162400.404	0
1447163094.065	0
1447163194.357	0
1447169430.855	0
1447169465.539	0
1447170350.325	0
1447170746.033	0
1447171265.254	0
1447172797.265	0
1447173168.653	0
1447173869.677	0
1447174135.421	0
1447174136.791	0
1447174146.311	0
1447174502.274	0
1447174523.543	0
1447174580.404	0
1447175324.826	0
1447175396.707	0
1447177399.105	0
1447177608.393	0
1447179146.036	0
1447179179.157	0
1447180135.381	0
1447180183.415	0
1447180526.132	0
1447181586.446	0
1447183614.028	0
1447183627.325	0
1447192248.39	0
1447195183.04	1
1447195452.887	0
1447195746.937	1
1447203684.241	0
1447203700.293	0
1447203713.115	0
1447204574.435	0
1447204581.47	0
1447206734.369	0
1447206743.177	0
1447206843.051	0
1447206851.855	0
1447206933.674	0
1447208322.503	0
1447209255.106	0
1447209397.595	0
1447209463.277	0
1447209738.232	0
1447210155.835	0
1447210187.392	0
1447210687.779	0
1447210727.157	0
1447210791.097	0
1447210811.57	0
1447210972.264	0
1447211034.783	0
1447211126.828	0
1447211178.101	0
1447211200.908	0
1447211231.267	0
1447211619.6	0
1447211641.657	0
1447211668.292	0
1447211691.23	0
1447211698.847	0
1447211763.283	0
1447212369.953	0
1447212595.36	0
1447213268.332	0
1447213277.325	0
1447214323.422	0
1447214346.347	0
1447214525.565	0
1447214585.434	0
1447214698.894	0
1447214850.93	0
1447214927.621	0
1447215492.977	0
1447215998.517	0
1447249813.613	0
1447250063.636	0
1447250079.884	0
1447252103.918	0
1447253500.39	0
1447253664.716	0
1447253677.05	0
1447253710.702	0
1447253746.615	0
1447256855.825	1
1447256998.872	1
1447257315.323	0
1447257435.386	0
1447257444.414	0
1447257591.748	0
1447258166.05	0
1447258191.867	0
1447259284.789	0
1447259652.532	0
1447260462.778	0
1447260722.941	0
1447260808.993	0
1447260825.293	0
1447260825.967	0
1447260871.316	0
1447260925.347	0
1447260947.586	0
1447272560.117	0
1447272931.4	0
1447274303.489	0
1447274306.897	0
1447274629.302	1
1447278470.881	0
1447279205.651	0
1447282314.035	0
1447283093.223	0
1447285815.587	1
1447286844.173	0
1447287048.537	0
1447288098.549	0
1447288281.296	0
1447288368.35	0
1447288392.411	0
1447288433.553	0
1447288507.719	0
1447288782.797	0
1447288830.724	0
1447289367.117	0
1447289683.045	0
1447290404.421	0
1447290656.466	0
1447290816.095	0
1447290829.999	0
1447290931.352	0
1447290945.396	0
1447292158.541	0
1447292486.133	0
1447292487.442	0
1447292523.338	0
1447292609.34	0
1447292687.274	0
1447292706.566	0
1447292837.299	0
1447292888.261	0
1447292899.562	0
1447293036.228	0
1447293059.405	0
1447293333.665	0
1447294142.949	0
1447294143.625	0
1447294168.527	0
1447294218.394	0
1447294220.495	0
1447294333.455	0
1447294521.652	0
1447294544.623	0
1447294634.28	0
1447294680.279	0
1447294728.862	0
1447294853.224	0
1447294915.438	0
1447295053.76	0
1447295068.936	0
1447295203.31	0
1447295216.216	0
1447295696.544	0
1447295749.987	0
1447295793.522	0
1447296257.488	0
1447296698.536	0
1447296699.98	0
1447297593.152	0
1447297635.204	0
1447297704.289	0
1447297950.848	0
1447297996.398	0
1447298069.98	0
1447298314.387	0
1447298781.393	0
1447299017.298	0
1447299076.911	0
1447299108.413	0
1447299120.005	0
1447299141.279	0
1447299194.719	0
1447299199.271	0
1447299206.211	0
1447299242.234	0
1447327110.144	1
1447330583.389	0
1447331140.521	0
1447331463.757	0
1447331704.033	0
1447332181.081	0
1447332518.373	0
1447338081.676	0
1447338469.667	0
1447339058.001	0
1447343113.577	0
1447345482.135	0
1447346037.929	0
1447346120.875	0
1447347340.535	0
1447349665.744	0
1447351516.008	0
1447352942.477	0
1447352950.532	0
1447356036.658	0
1447356310.46	0
1447356455.35	0
1447356776.325	0
1447357236.468	0
1447357672.378	0
1447365066.578	0
1447365860.169	0
1447366087.369	0
1447366093.831	0
1447366302.881	0
1447366418.873	0
1447366433.451	0
1447366505.389	1
1447366962.695	0
1447368579.141	0
1447369416.401	0
1447369949.792	0
1447370050.833	0
1447370128.984	1
1447370196.583	0
1447370867.554	0
1447371658.068	0
1447373151.556	0
1447373582.3	0
1447373816.56	0
1447379048.084	0
1447379114.301	0
1447379263.915	0
1447379265.896	0
1447380550.696	0
1447381701.492	0
1447381719.429	0
1447382059.92	0
1447382132.294	0
1447382238.726	0
1447382667.807	0
1447384489.438	0
1447384856.31	0
1447384974.328	0
1447385417.65	0
1447385421.053	0
1447385526.11	0
1447385745.482	0
1447385818.455	0
1447385919.828	0
1447386326.589	0
1447386894.559	0
1447387039.615	0
1447387185.411	0
1447387210.649	0
1447387354.62	0
1447387389.928	0
1447387413.212	0
1447387535.268	0
1447387681.239	0
1447387810.577	0
1447387957.658	0
1447388083.71	0
1447388160.435	0
1447388193.502	0
1447388295.354	0
1447388336.972	0
1447388345.699	0
1447388372.673	0
1447388494.291	0
1447388633.38	0
1447388655.649	0
1447388677.252	0
1447388699.249	0
1447418737.065	0
1447419752.627	0
1447421211.622	0
1447421218.262	0
1447422020.5	0
1447422178.463	0
1447422184.957	0
1447422194.323	0
1447422848.401	0
1447423320.336	1
1447424563.08	0
1447424638.319	0
1447424792.376	0
1447424810.167	0
1447424819.968	0
1447424915.348	0
1447425153.314	0
1447425269.81	0
1447426958.617	1
1447429072.088	0
1447429118.452	0
1447429467.648	0
1447432702.015	0
1447433642.665	0
1447435962.344	1
1447436444.79	0
1447436586.447	0
1447436593.648	0
1447438554.279	0
1447439503.124	0
1447439507.252	0
1447442160.533	0
1447446833.117	1
1447447259.567	0
1447447262.397	0
1447447687.267	1
1447449280.545	0
1447452053.042	0
1447452596.56	0
1447452746.628	0
1447455564.965	0
1447457123.687	0
1447459683.171	0
1447460761.188	0
1447463788.84	0
1447464222.145	0
1447469780.766	0
1447470042.644	0
1447470247.268	0
1447470589.451	0
1447470591.65	0
1447471235.419	0
1447471254.653	0
1447471300.303	0
1447471330.308	0
1447471498.433	0
1447471718.304	0
1447471792.303	0
1447471878.328	0
1447471878.897	0
1447471975.346	0
1447471977.333	0
1447472664.325	0
1447474500.27	0
1447474833.369	0
1447474838.319	0
1447475282.345	0
1447475330.77	0
1447475399.908	0
1447475504.187	0
1447475692.488	0
1447475860.149	0
1447475969.732	0
1447476146.858	0
1447476210.958	0
1447476247.704	0
1447476399.033	0
1447476488.704	0
1447476629.564	0
1447476635.844	0
1447477012.027	0
1447477182.13	0
1447477428.449	0
1447477783.664	0
1447478104.744	0
1447478116.371	0
1447478135.604	0
1447478159.868	0
1447478177.748	0
1447513267.397	0
1447515934.784	0
1447518157.745	0
1447520490.585	0
1447522632.66	0
1447523109.254	1
1447523885.341	0
1447524128.119	0
1447524714.576	0
1447528186.388	0
1447529517.037	0
1447532035.686	0
1447538073.851	0
1447538206.131	0
1447538425.568	0
1447538713.848	0
1447539960.589	0
1447540328.355	0
1447541768.485	0
1447542739.293	0
1447543731.871	0
1447543747.463	0
1447544659.5	0
1447552510.722	0
1447552515.069	0
1447552562.631	0
1447552563.612	0
1447552611.44	0
1447552869.387	0
1447553017.673	0
1447553119.53	0
1447553477.189	0
1447554336.467	0
1447554456.379	0
1447554775.044	0
1447554778.491	0
1447554831.279	0
1447555530.958	0
1447555547.345	0
1447555781.326	0
1447555890.318	0
1447556280.447	0
1447556323.987	0
1447556360.671	0
1447556426.431	0
1447556493.915	0
1447556581.558	0
1447597050.076	0
1447599480.871	0
1447605130.59	0
1447606017.324	1
1447606058.5	0
1447606063.449	0
1447608055.563	0
1447608217.906	0
1447608236.965	0
1447608248.632	0
1447608264.285	0
1447608304.363	0
1447608353.139	0
1447608366.278	0
1447608829.825	0
1447608862.785	0
1447609100.547	0
1447609214.86	0
1447609272.427	0
1447609290.185	0
1447609325.15	0
1447610578.666	0
1447610594.464	0
1447611826.768	0
1447612317.426	0
1447615006.593	0
1447615009.743	0
1447615025.526	0
1447615057.542	0
1447616052.645	0
1447616074.916	0
1447616082.692	0
1447616095.505	0
1447616165.238	0
1447616174.514	0
1447616371.032	0
1447616408.896	0
1447621427.636	0
1447623795.896	0
1447627060.897	0
1447627549.706	0
1447628652.864	0
1447635314.918	0
1447636145.752	0
1447636151.008	0
1447636752.763	0
1447636834.151	0
1447637027.148	0
1447638161.831	0
1447638466.28	0
1447638862.99	0
1447639677.244	0
1447640029.348	0
1447640405.077	0
1447640528.496	0
1447640608.777	0
1447641381.975	0
1447641549.85	0
1447641893.469	0
1447642277.86	0
1447642286.858	0
1447642316.124	0
1447642641.337	0
1447642666.049	0
1447642758.364	0
1447642834.4	0
1447643065.407	0
1447643336.584	0
1447643638.435	0
1447643706.321	0
1447643717.689	0
1447643901.329	0
1447644158.852	0
1447644185.594	0
1447644327.75	0
1447644349.409	0
1447645040.515	0
1447645480.422	0
1447645497.98	0
1447646034.421	0
1447646102.688	0
1447646391.67	0
1447646587.646	0
1447646980.633	0
1447646998.61	0
1447647133.261	0
1447647483.873	0
1447647927.975	0
1447648266.932	0
1447648357.66	0
1447648452.169	0
1447648516.025	0
1447648611.333	0
1447679007.464	0
1447679011.812	0
1447679018.034	0
1447680353.767	0
1447680718.418	0
1447680745.143	0
1447682269.551	0
1447682495.39	0
1447683338.708	0
1447684095.838	0
1447684957.224	0
1447689865.842	0
1447689868.18	0
1447690265.316	0
1447692688.845	0
1447693595.704	0
1447693606.413	0
1447695510.799	0
1447703954.987	0
1447704410.771	0
1447704674.82	0
1447704911.962	0
1447705131.452	0
1447705236.317	0
1447705477.469	0
1447706009.428	0
1447706458.503	0
1447706648.504	0
1447709418.786	0
1447711565.532	0
1447712679.142	0
1447714644.07	0
1447715473.891	0
1447716388.016	0
1447718017.716	0
1447718139.342	0
1447718382.49	0
1447718402.465	0
1447718525.257	0
1447718806.428	0
1447719215.302	0
1447720512.333	1
1447720644.303	1
1447723409.842	0
1447723416.728	0
1447723532.881	0
1447723616.488	0
1447723728.68	0
1447724314.146	0
1447724429.798	0
1447724720.787	0
1447724739.736	0
1447724777.98	0
1447724851.241	0
1447724863.745	0
1447725000.306	0
1447725071.333	0
1447725413.528	0
1447725478.42	0
1447725584.408	0
1447726485.266	0
1447727118.369	0
1447727462.348	0
1447728011.791	0
1447728129.341	0
1447728522.656	0
1447728808.477	0
1447728815.831	0
1447728830.806	0
1447728849.792	0
1447728850.713	0
1447729334.636	0
1447729496.362	0
1447729498.477	0
1447729964.013	0
1447730012.9	0
1447730013.763	0
1447730067.769	0
1447730096.049	0
1447730102.347	0
1447730617.536	0
1447730665.582	0
1447730787.291	0
1447730897.381	0
1447730929.299	0
1447731194.322	0
1447731209.308	0
1447731339.413	0
1447731556.477	0
1447731583.292	0
1447731677.397	0
1447731688.273	0
1447732170.048	0
1447732195.407	0
1447732361.604	0
1447732363.599	0
1447732452.274	0
1447732471.296	0
1447732505.254	0
1447732567.36	0
1447732756.738	0
1447732913.36	0
1447732949.166	0
1447736777.362	0
1447736785.677	0
1447761108.277	0
1447766929.568	0
1447767071.465	0
1447792427.316	1
1447799107.123	1
1447808252.284	1
1447856683.025	1
1447885378.514	1
1447885431.857	1
1447946887.617	1
1448200100.326	1
1448227854.356	1
1448314600.381	1
1448316099.138	1
1448316660.158	1
1448316730.016	1
1448317042.66	1
1448317276.917	1
1448317805.764	1
1448317918.165	1
1448388756.866	1
1448389167.021	1
1448390063.711	1
1448397081.785	1
1448397641.751	1
1448398055.966	1
1448399215.98	1
1448459067.133	1
1448468277.32	1
1448468737.054	1
1448482625.332	1
1448501157.201	1
1448644267.613	1
1448644323.245	1
1448653713.974	1
1448653898.141	1
1448882126.74	1
1448904960.766	1
1448906508.486	1
1448910081.214	1
1448980216.339	1
1449070958.011	1
1449093815.306	1
1449094350.338	1
1449099956.338	1
1449183008.408	1
1449186705.845	1
1449354103.19	1
1449356792.289	1
1449530903.243	1
1449531749.941	1
1449540902.746	1
1449541189.858	1
1449541461.102	1
1449541612.693	1
1449543627.375	1
1449603884.33	1
1449612438.448	1
1449627553.38	1
1449681246.441	1
1449789851.717	1
1449855801.775	1
1450204044.117	1
1450236350.161	0
1450236500.799	0
1450236519.016	0
1450236559.014	0
1450236608.66	0
1450236617.684	0
1450272225.82	0
1450284237.433	0
1450284261.005	0
1450286291.604	0
1450286543.414	0
1450289814.763	1
1450290667.545	0
1450294001.018	0
1450294694.72	0
1450294840.555	0
1450295391.761	0
1450296554.263	0
1450300179.365	0
1450300720.861	0
1450300733.359	0
1450300890.555	0
1450300912.04	0
1450300924.935	0
1450300949.391	0
1450305180.98	0
1450306784.741	0
1450306848.161	0
1450306855.331	0
1450306981.129	1
1450307204.481	0
1450307316.434	0
1450307326.021	0
1450307368.341	0
1450307404.325	0
1450307482.738	0
1450307552.853	0
1450308232.265	0
1450308920.751	0
1450308951.701	0
1450309021.278	0
1450309049.167	0
1450309078.164	0
1450309094.08	0
1450309100.96	0
1450309808.81	0
1450309837.28	0
1450309999.985	0
1450310049.389	0
1450310064.749	0
1450310330.799	0
1450310434.618	0
1450310465.895	0
1450310819.934	0
1450310872.672	0
1450310891.282	0
1450310900.517	0
1450310927.559	0
1450314073.727	0
1450314535.52	0
1450314601.691	0
1450314739.832	0
1450314792.401	0
1450315041.295	0
1450316064.099	0
1450316585.294	0
1450316655.445	0
1450316719.885	0
1450316737.927	0
1450317024.502	0
1450317039.551	0
1450317060.743	0
1450317288.751	0
1450317380.974	0
1450317406.416	0
1450317972.44	0
1450317996.747	0
1450318194.833	0
1450318246.148	0
1450318381.684	0
1450318499.279	0
1450318522.62	0
1450319159.172	0
1450319163.823	0
1450319166.145	0
1450319184.482	0
1450319195.766	0
1450352378.996	0
1450353005.13	0
1450353011.573	0
1450353164.753	0
1450353171.703	0
1450353388.318	0
1450354472.49	0
1450354788.79	0
1450354791.568	0
1450359707.184	0
1450360039.109	0
1450362157.58	0
1450362165.386	0
1450362935.304	0
1450375611.006	0
1450375801.657	0
1450375840.992	0
1450375890.735	0
1450376075.244	0
1450376106.219	0
1450376321.374	0
1450376518.272	0
1450380515.039	0
1450380518.908	0
1450383303.084	0
1450390173.753	0
1450391440.554	0
1450391523.932	0
1450394236.593	0
1450394247.766	0
1450394843.889	0
1450394895.942	0
1450394917.724	0
1450394919.619	0
1450394940.694	0
1450395129.818	0
1450395153.124	0
1450395373.307	0
1450395426.317	0
1450395448.87	0
1450395504.779	0
1450395513.941	0
1450395540.699	0
1450395583.829	0
1450395725.173	0
1450395729.817	0
1450396336.668	0
1450396389.416	0
1450396405.981	0
1450396417.48	0
1450396460.74	0
1450396527.3	0
1450396529.571	0
1450396540.913	0
1450396550.901	0
1450396562.347	0
1450396577.516	0
1450396615.828	0
1450396642.88	0
1450396682.327	0
1450396709.335	0
1450397102.831	0
1450397148.306	0
1450397416.155	0
1450397498.094	0
1450398149.264	0
1450398163.383	0
1450398167.389	0
1450398186.684	0
1450398189.758	0
1450398204.522	0
1450398361.448	0
1450398610.622	0
1450398966.328	0
1450399121.083	0
1450399152.906	0
1450399165.598	0
1450399187.314	0
1450399195.119	0
1450399198.071	0
1450399265.507	0
1450399669.086	0
1450399773.701	0
1450399824.897	0
1450400384.366	0
1450400475.087	0
1450400482.643	0
1450400495.817	0
1450400544.551	0
1450401031.842	0
1450401033.973	0
1450401773.161	0
1450401792.759	0
1450401805.87	0
1450401847.468	0
1450402029.348	0
1450402053.166	0
1450402106.91	0
1450402109.414	0
1450402124.756	0
1450402141.369	0
1450402163.081	0
1450402244.138	0
1450402283.225	0
1450402389.226	0
1450402478.082	0
1450402573.016	0
1450403313.938	0
1450403333.273	0
1450403869.805	0
1450403956.164	0
1450403975.449	0
1450403994.88	0
1450404007.695	0
1450404027.02	0
1450404092.308	0
1450404118.936	0
1450404254.417	0
1450404347.95	0
1450404677.087	0
1450404944.518	0
1450405480.816	0
1450406163.225	0
1450406163.225	0
1450406222.768	0
1450406222.768	0
1450410745.24	0
1450439259.499	0
1450439527.946	0
1450439664.826	0
1450439835.598	0
1450439983.031	0
1450439995.449	0
1450440050.699	0
1450440071.011	0
1450440664.174	0
1450441614.891	0
1450443379.226	0
1450443548.074	0
1450443602.656	0
1450444951.554	0
1450444964.563	0
1450445518.56	0
1450445656.658	0
1450446086.176	0
1450446207.421	0
1450446485.447	0
1450446513.712	0
1450447450.372	0
1450447801.155	0
1450448060.65	0
1450448119.125	0
1450448492.458	0
1450448523.031	0
1450449370.434	0
1450450899.567	0
1450450999.849	0
1450451113.612	0
1450451276.848	0
1450451683.901	0
1450451692.008	0
1450451734.203	0
1450451814.273	0
1450452063.251	0
1450452074.851	0
1450452080.718	0
1450452082.975	0
1450452094.374	0
1450452815.382	0
1450452867.573	0
1450452870.222	0
1450453016.168	0
1450456045.999	0
1450456226.323	0
1450456446.299	0
1450456594.727	0
1450456770.139	0
1450457412.551	0
1450457535.743	0
1450457654.485	0
1450457687.526	0
1450457774.431	0
1450457960.579	0
1450457980.782	0
1450458127.223	0
1450458142.903	0
1450458154.175	0
1450458185.439	0
1450458208.999	0
1450458221.796	0
1450458307.843	0
1450458374.768	0
1450458407.996	0
1450458434.012	0
1450458453.568	0
1450458494.531	0
1450458502.649	0
1450464931.224	0
1450465334.625	0
1450465437.488	0
1450465452.627	0
1450465623.775	0
1450465663.136	0
1450465674.345	0
1450466244.942	0
1450466260.241	0
1450466263.126	0
1450466265.621	0
1450466271.646	0
1450466287.98	0
1450466401.18	0
1450466536.568	0
1450467262.9	0
1450467328.495	0
1450467374.57	0
1450467376.602	0
1450469836.796	0
1450471465.04	0
1450471590.432	0
1450471661.571	0
1450477285.814	0
1450477449.889	0
1450477454.781	0
1450477583.312	0
1450477593.651	0
1450477998.026	0
1450478604.196	0
1450478692.983	0
1450484233.132	0
1450485020.32	0
1450485057.828	0
1450485414.343	0
1450485986.95	0
1450487759.659	0
1450487773.891	0
1450490720.369	0
1450492207.511	0
1450492218.694	0
1450492399.875	0
1450493631.124	0
1450498689.728	0
1450499464.132	0
1450532686.259	0
1450534238.258	0
1450534249.819	0
1450546538.007	0
1450546724.663	0
1450546797.333	0
1450546798.522	0
1450547167.131	0
1450547180.161	0
1450547190.578	0
1450547231.253	0
1450547255.449	0
1450547372.15	0
1450548808.627	0
1450548977.885	0
1450556109.117	0
1450556184.992	0
1450556201.68	0
1450556221.985	0
1450556254.599	0
1450556270.3	0
1450556289.689	0
1450556335.144	0
1450556367.762	0
1450556390.989	0
1450556455.828	0
1450556498.999	0
1450558244.833	0
1450558316.56	0
1450563744.948	0
1450563768.971	0
1450567675.771	0
1450569639.459	0
1450571143.044	0
1450571177.121	0
1450571177.284	0
1450571196.544	0
1450571245.211	0
1450571287.122	0
1450571309.778	0
1450571324.47	0
1450571386.697	0
1450571507.229	0
1450571516.087	0
1450571559.014	0
1450571559.014	0
1450571600.027	0
1450571600.027	0
1450571626.478	0
1450571626.478	0
1450571631.164	0
1450571631.164	0
1450571660.794	0
1450571660.794	0
1450571844.675	0
1450571844.675	0
1450571936.189	0
1450571936.189	0
1450572523.762	0
1450572552.484	0
1450572955.431	0
1450573068.57	0
1450573196.364	0
1450573231.886	0
1450573300.629	0
1450573312.992	0
1450573327.839	0
1450573346.544	0
1450573361.423	0
1450573374.488	0
1450573381.053	0
1450573405.022	0
1450573524.043	0
1450573677.624	0
1450573694.703	0
1450573990.104	0
1450574508.448	0
1450616278.973	0
1450616285.428	0
1450616302.778	0
1450619545.214	0
1450619620.651	0
1450620795.94	0
1450621018.371	0
1450621024.317	0
1450621088.378	0
1450621754.564	0
1450621934.629	0
1450621951.194	0
1450622416.114	0
1450623170.788	0
1450623199.57	0
1450625438.587	0
1450627441.313	0
1450627567.519	0
1450627678.228	0
1450627738.879	0
1450629368.89	0
1450629697.48	0
1450634040.656	0
1450634386.006	0
1450635204.342	0
1450635954.262	0
1450638515.086	0
1450639985.187	0
1450641693.573	0
1450642214.318	0
1450642291.188	0
1450642393.08	0
1450642903.257	0
1450642967.271	0
1450643441.013	0
1450644830.832	0
1450646529.777	0
1450646533.302	0
1450647248.772	0
1450647289.036	0
1450647481.936	0
1450647960.646	0
1450648329.761	0
1450648628.121	0
1450648668.943	0
1450648844.126	0
1450649326.068	0
1450649678.953	0
1450650411.315	0
1450650458.835	0
1450650487.634	0
1450650529.707	0
1450650703.236	0
1450650703.236	0
1450653740.716	0
1450653841.578	0
1450655307.743	1
1450656314.998	0
1450656364.467	0
1450656378.967	0
1450656546.763	0
1450656570.323	0
1450656597.778	0
1450656763.637	0
1450659106.427	0
1450669273.493	0
1450669283.401	0
1450669290.021	0
1450669301.479	0
1450669314.358	0
1450669315.118	0
1450669329.715	0
1450669386.229	0
1450669456.497	0
1450669488.796	0
1450669649.903	0
1450670467.015	0
1450671758.425	0
1450671765.642	0
1450671857.057	0
1450671923.416	0
1450672041.15	0
1450672083.609	0
1450672118.767	0
1450672150.557	0
1450672216.881	0
1450672440.48	0
1450672586.387	0
1450672820.439	0
1450672905.464	0
1450672962.504	0
1450673119.996	0
1450673177.328	0
1450673284.089	0
1450673309.305	0
1450673317.022	0
1450673327.874	0
1450673392.377	0
1450673406.431	0
1450673421.824	0
1450673426.165	0
1450673448.727	0
1450673473.038	0
1450673486.233	0
1450673578.762	0
1450673606.817	0
1450673607.781	0
1450673633.246	0
1450673661.275	0
1450673681.698	0
1450673681.849	0
1450673729.45	0
1450673748.602	0
1450673777.586	0
1450673792.959	0
1450673800.219	0
1450673823.702	0
1450673923.122	0
1450673959.227	0
1450673975.294	0
1450673987.376	0
1450673996.276	0
1450674028.181	0
1450674082.804	0
1450674100.296	0
1450674106.559	0
1450702218.607	0
1450703045.15	0
1450703389.818	0
1450703799.852	0
1450704121.192	0
1450704408.829	0
1450716520.187	0
1450716545.15	0
1450721953.291	0
1450721991.349	0
1450721998.551	0
1450722161.708	0
1450722365.449	0
1450722722.658	0
1450722741.177	0
1450722744.137	0
1450722764.321	0
1450722835.072	0
1450723176.07	0
1450723435.784	0
1450723878.302	0
1450723941.856	0
1450724035.026	0
1450724206.373	0
1450724236.696	0
1450724241.264	0
1450724381.108	0
1450724428.004	0
1450724690.938	0
1450724802.259	0
1450724865.15	0
1450724906.318	0
1450725186.805	0
1450725216.425	0
1450725276.737	0
1450725409.792	0
1450725464.866	0
1450725864.094	0
1450726091.466	0
1450726391.737	0
1450726435.715	0
1450726443.698	0
1450726516.492	0
1450726596.772	0
1450726623.19	0
1450728424.63	0
1450733130.095	0
1450734951.114	0
1450735601.352	0
1450735632.498	0
1450737252.267	0
1450737276.496	0
1450737458.607	0
1450740771.343	1
1450740932.448	1
1450743420.86	0
1450743427.081	0
1450785517.073	0
1450785539.449	0
1450790072.055	0
1450790886.983	0
1450791307.067	0
1450792839.018	0
1450792853.073	0
1450793195.824	0
1450793203.749	0
1450793231.105	0
1450793252.854	0
1450793633.251	1
1450795420.449	0
1450795465.358	0
1450796251.402	0
1450796340.926	0
1450796359.913	0
1450796800.974	0
1450796841.853	1
1450796875.533	1
1450796901.316	0
1450796977.693	0
1450797075.523	1
1450797888.991	1
1450797920.587	1
1450797928.924	1
1450801752.652	1
1450804299.82	1
1450806244.229	1
1450812889.371	1
1450813048.222	1
1450813093.211	1
1450813390.369	1
1450813427.933	1
1450813434.829	1
1450813439.861	1
1450813805.989	1
1450814968.622	1
1450814979.619	1
1450814983.282	1
1450820031.551	1
1450820843.468	1
1450824438.375	1
1450825414.879	1
1450825420.325	1
1450827049.517	1
1450827063.074	1
1450827316.864	1
1450827951.06	1
1450828113.181	1
1450828129.287	1
1450828183.465	1
1450828202.816	1
1450828208.718	1
1450828255.946	0
1450828276.042	0
1450828357.28	1
1450828361.199	1
1450828387.751	1
1450828450.959	1
1450828455.239	1
1450828583.571	0
1450828647.303	1
1450828687.075	1
1450828859.131	1
1450828915.525	1
1450828974.623	1
1450829023.961	1
1450829079.235	1
1450829092.858	1
1450829116.525	1
1450829188.894	1
1450829198.157	1
1450829205.892	1
1450829255.826	1
1450829567.351	1
1450829790.857	1
1450831551.071	1
1450831849.58	1
1450831868.65	1
1450831948.948	1
1450831978.023	1
1450832014.231	1
1450832051.304	1
1450832062.778	1
1450832269.394	1
1450832527.103	1
1450832546.401	1
1450832571.374	1
1450832828.048	1
1450832862.102	1
1450833277.754	1
1450834531.936	1
1450834559.512	1
1450834629.17	1
1450834632.911	1
1450834703.522	1
1450834723.028	1
1450834862.384	1
1450834894.221	1
1450836516.777	1
1450836555.685	1
1450836617.975	1
1450836632.203	1
1450836729.796	1
1450836771.45	1
1450837313.875	1
1450838900.819	1
1450838936.635	1
1450839075.764	1
1450839190.351	1
1450839200.075	1
1450839357.555	1
1450839376.057	1
1450839494.408	1
1450839512.316	1
1450839517.404	1
1450839543.329	1
1450839673.714	1
1450839768.617	1
1450839810.606	1
1450839930.075	1
1450840501.853	1
1450840514.793	1
1450840526.808	1
1450840547.906	1
1450840887.733	1
1450841636.214	1
1450841670.353	1
1450841791.211	1
1450842049.794	1
1450842085.97	1
1450842097.957	1
1450842134.069	1
1450842277.321	1
1450842298.907	1
1450842320.739	1
1450842329.103	1
1450842469.796	1
1450842482.141	1
1450842628.724	1
1450842661.808	1
1450842805.96	1
1450842815.946	1
1450842913.44	1
1450843572.161	1
1450843595.538	1
1450843608.143	1
1450843631.773	1
1450843635.893	1
1450843645.224	1
1450843660.732	1
1450843707.203	1
1450874058.888	1
1450877193.363	1
1450877296.403	1
1450877455.586	1
1450877577.943	1
1450877755.103	1
1450877764.679	1
1450878079.562	1
1450878112.43	1
1450884157.41	1
1450885118.7	1
1450886717.771	1
1450888217.439	1
1450889430.625	0
1450903826.578	1
1450903874.533	1
1450904307.062	1
1450908497.543	1
1450908745.738	1
1450908773.291	1
1450909557.108	1
1450910623.202	1
1450910667.125	1
1450910686.728	1
1450910718.841	1
1450911562.741	1
1450911740.17	1
1450913702.068	1
1450913718.166	1
1450913808.921	1
1450914154.12	1
1450914226.53	1
1450914234.229	1
1450915927.56	1
1450918180.357	1
1450918211.47	1
1450918552.193	1
1450919103.466	1
1450919114.391	1
1450919442.002	1
1450919459.987	1
1450919465.876	1
1450919479.886	1
1450919494.636	1
1450919847.865	1
1450919870.227	1
1450919892.463	1
1450919980.583	1
1450920313.6	1
1450920326.785	1
1450920463.393	1
1450923063.826	1
1450923073.744	1
1450923172.233	1
1450924530.763	1
1450924547.257	1
1450924959.543	1
1450924969.031	1
1450925302.305	1
1450925415.95	1
1450925422.7	1
1450925455.41	1
1450925510.197	1
1450925803.998	1
1450925803.998	1
1450926429.954	1
1450926439.785	1
1450926847.084	1
1450927415.612	1
1450927423.904	1
1450927498.132	1
1450927870.037	1
1450927917.28	1
1450927947.918	1
1450928586.562	1
1450928751.62	1
1450929221.386	1
1450929282.775	1
1450929317.274	1
1450930412.035	1
1450930417.8	1
1450930444.496	1
1450930456.33	1
1450962198.1	1
1450962215.522	1
1450963296.758	1
1450963454.379	1
1450963492.477	1
1450964740.054	1
1450965351.431	1
1450965361.563	1
1450965644.585	1
1450965650.974	1
1450966829.654	1
1450966981.999	1
1450967618.049	1
1450969843.554	1
1450969879.96	1
1450970469.011	1
1450970758.582	1
1450970771.709	1
1450970801.91	1
1450970943.621	1
1450972045.152	1
1450975116.411	1
1450975179.434	1
1450977177.024	1
1450977318.523	1
1450978760.524	1
1450978878.229	1
1450978883.93	1
1450980502.403	1
1450983909.05	1
1450984011.881	1
1450987492.847	1
1450987707.44	1
1450987713.653	1
1450999887.332	1
1451000758.78	1
1451001083.688	1
1451009847.05	1
1451013054.398	1
1451015480.146	1
1451016219.962	1
1451020409.102	1
1451020460.272	1
1451020467.66	1
1451049756.19	1
1451053244.988	0
1451055147.063	1
1451057601.193	1
1451057681.498	1
1451057681.498	1
1451058183.545	1
1451058743.729	1
1451062418.192	1
1451062440.24	1
1451065123.245	1
1451065145.721	1
1451067299.347	1
1451071812.642	0
1451072098.556	0
1451072153.148	0
1451072307.91	0
1451087570.262	1
1451087570.262	1
1451088125.679	1
1451088125.679	1
1451088146.968	1
1451102150.523	1
1451135275.763	1
1451146795.332	1
1451147172.9	1
1451152179.144	0
1451152269.95	0
1451152537.475	1
1451152558.825	0
1451152579.016	0
1451152605.667	1
1451152617.568	1
1451152713.409	0
1451152841.469	0
1451152847.199	0
1451152872.239	0
1451153077.55	1
1451153317.068	1
1451153968.51	0
1451154197.918	0
1451154224.192	0
1451154286.803	0
1451159185.905	1
1451161029.292	1
1451162274.733	1
1451162291.789	1
1451162606.062	1
1451162657.514	1
1451162782.693	1
1451162920.802	1
1451163017.277	1
1451163348.728	1
1451168120.173	1
1451168289.203	1
1451168459.559	1
1451172794.543	1
1451172943.41	1
1451173974.228	1
1451174005.452	1
1451174061.661	1
1451174091.202	1
1451174199.23	1
1451174208.81	1
1451174222.959	1
1451174238.489	1
1451174397.298	1
1451174798.157	1
1451175005.824	1
1451175779.304	1
1451175842.063	1
1451175848.247	1
1451177167.686	1
1451180035.662	1
1451180987.966	1
1451181021.621	1
1451181125.339	1
1451181380.336	1
1451181390.887	1
1451185131.177	1
1451185141.225	1
1451186546.216	1
1451189033.711	1
1451219249.979	1
1451219596.628	1
1451226335.74	1
1451226399.907	1
1451226427.416	1
1451226801.972	1
1451226824.57	1
1451227322.84	1
1451227390.563	1
1451229620.17	0
1451229992.879	0
1451230074.614	0
1451230089.823	0
1451230288.028	0
1451230296.946	0
1451230388.216	0
1451230388.857	0
1451230427.914	0
1451230603.989	0
1451230698.139	0
1451230698.139	0
1451230780.942	0
1451231107.668	0
1451232680.415	1
1451233322.685	1
1451233329.035	1
1451233358.335	1
1451233400.193	1
1451233602.473	1
1451233636.679	1
1451233659.317	1
1451233710.812	1
1451234775.681	1
1451235264.015	1
1451235291.284	0
1451235303.486	0
1451235828.269	1
1451235958.533	1
1451236454.538	1
1451236477.989	1
1451236504.183	1
1451237106.849	1
1451237259.608	0
1451237303.795	0
1451237705.016	1
1451237714.067	1
1451237747.657	1
1451237859.689	1
1451237933.69	1
1451238047.3	1
1451238607.394	1
1451238632.983	1
1451238787.302	1
1451238803.895	1
1451239374.01	0
1451239673.163	0
1451240747.084	0
1451240787.109	0
1451253946.66	1
1451254004.233	1
1451254039.838	1
1451254076.98	1
1451254095.049	1
1451254122.025	1
1451254156.146	1
1451254204.946	1
1451254225.216	1
1451254457.191	1
1451254577.503	1
1451254586.684	1
1451254656.951	1
1451254801.384	1
1451254837.118	1
1451254950.872	0
1451254971.736	1
1451254998.796	1
1451255036.964	1
1451255222.113	1
1451255386.493	1
1451255816.782	1
1451255842.241	1
1451256464.873	1
1451256505.288	1
1451256512.073	1
1451256614.806	1
1451256690.66	1
1451256815.773	1
1451257031.317	1
1451257038.777	1
1451257335.719	1
1451257349.938	1
1451257389.647	1
1451257425.992	1
1451257433.164	1
1451257449.673	1
1451257457.276	1
1451257476.293	1
1451257481.522	1
1451257518.277	1
1451257535.262	1
1451257548.672	1
1451257662.703	1
1451257733.246	1
1451257921.962	1
1451257946.292	1
1451257985.228	1
1451257995.156	1
1451258760.108	1
1451259940.594	1
1451261367.411	1
1451261402.984	1
1451261516.892	1
1451261766.203	1
1451261785.434	1
1451261851.308	1
1451261871.369	1
1451261899.023	1
1451261920.054	1
1451262040.274	1
1451262168.737	1
1451262508.946	1
1451262634.729	1
1451262679.016	1
1451262701.941	1
1451262716.892	1
1451262726.235	1
1451263194.543	1
1451263211.397	1
1451263220.25	1
1451263239.68	1
1451263558.704	1
1451263612.065	1
1451272668.938	1
1451305666.265	1
1451306126.448	1
1451306187.842	1
1451306467.702	1
1451306495.311	1
1451306501.99	1
1451306506.791	1
1451306580.196	1
1451308153.835	1
1451308304.102	1
1451308310.574	1
1451308636.262	1
1451308695.431	1
1451309850.796	1
1451309978.187	1
1451310005.236	1
1451310355.024	1
1451311677.606	1
1451313706.845	1
1451313726.53	1
1451313783.826	1
1451314758.734	1
1451316190.85	1
1451316265.466	1
1451316354.91	1
1451316369.187	1
1451316522.035	1
1451316528.924	1
1451316560.628	1
1451320618.743	1
1451322292.96	1
1451322452.088	1
1451323256.603	1
1451323854.139	1
1451324070.518	1
1451324076.767	1
1451325440.68	1
1451325473.874	1
1451326787.429	1
1451327171.866	1
1451327654.762	1
1451327664.037	1
1451327812.079	1
1451340142.389	1
1451340332.053	1
1451340475.3	1
1451340480.939	1
1451340531.274	1
1451346728.557	1
1451346944.147	1
1451346948.776	1
1451346991.26	1
1451347216.384	1
1451347224.281	1
1451348019.007	1
1451348037.256	1
1451348039.06	1
1451348213.279	1
1451350960.91	1
1451350972.901	1
1451351905.735	1
1451351976.392	1
1451352429.289	1
1451352437.663	1
1451353186.65	1
1451353198.843	1
1451353323.789	1
1451353357.664	1
1451353363.767	1
1451353534.144	1
1451354008.692	1
1451354026.293	1
1451354050.399	1
1451354298.78	1
1451354313.704	1
1451355263.365	1
1451355390.646	1
1451357168.479	1
1451357186.19	1
1451357193.59	1
1451357210.221	1
1451357276.542	1
1451357565.967	1
1451365716.373	1
1451365752.228	1
1451365988.919	1
1451366083.594	1
1451366085.113	1
1451366213.798	1
1451366656.271	1
1451367048.922	1
1451367138.314	1
1451367140.037	1
1451367145.852	1
1451367624.729	1
1451367651.1	1
1451367682.918	1
1451368130.515	1
1451368300.505	1
1451368329.955	1
1451368342.758	1
1451390676.772	0
1451391330.944	0
1451391690.85	0
1451391728.062	1
1451391779.829	0
1451391789.969	0
1451391953.205	0
1451392020.689	1
1451392382.288	1
1451392407.141	1
1451392421.846	1
1451392650.308	1
1451398064.38	1
1451398256.677	1
1451398400.39	1
1451398560.007	1
1451400800.303	0
1451401144.57	0
1451407351.758	1
1451407370.041	1
1451407388.647	1
1451407498.411	1
1451407531.47	1
1451416450.158	1
1451416512.675	1
1451416554.944	1
1451416567.474	1
1451418213.062	1
1451418604.872	1
1451419209.916	1
1451419223.896	1
1451419360.778	1
1451419754.275	1
1451420730.958	1
1451421570.019	1
1451421680.141	1
1451421719.913	1
1451432959.742	1
1451433253.338	1
1451433272.808	1
1451433314.114	1
1451434589.907	1
1451435099.575	1
1451435149.558	1
1451435929.709	1
1451436003.165	1
1451436028.072	1
1451436105.475	1
1451436339.245	1
1451437552.472	1
1451438722.289	1
1451438859.7	1
1451439146.136	1
1451439825.948	1
1451439825.948	1
1451439845.2	1
1451439845.2	1
1451440970.806	1
1451440974.117	1
1451441662.087	1
1451441674.301	1
1451441691.008	1
1451442609.343	1
1451442652.901	1
1451442789.35	1
1451443775.234	1
1451443785.117	1
1451444403.699	1
1451446062.196	1
1451446084.645	1
1451446088.879	1
1451446103.462	1
1451446132.741	1
1451446146.337	1
1451446187.533	1
1451446219.288	1
1451446263.644	1
1451446301.387	1
1451446334.653	1
1451478085.888	1
1451480709.537	1
1451486811.807	1
1451487319.516	1
1451487352.012	1
1451487706.046	1
1451487773.535	0
1451488067.37	0
1451488969.238	1
1451493774.297	1
1451493795.308	1
1451494026.967	1
1451495682.841	1
1451501513.674	1
1451501626.92	1
1451501687.571	1
1451501771.643	1
1451502373.544	1
1451507698.696	1
1451508023.067	1
1451509711.252	1
1451509985.495	1
1451511516.378	1
1451511634.795	1
1451511911.665	0
1451511988.363	0
1451512789.822	1
1451513712.415	0
1451513730.672	1
1451514835.088	1
1451514980.435	1
1451515065.709	1
1451515069.16	1
1451515070.601	1
1451515108.135	1
1451515141.045	1
1451515300.56	1
1451515353.766	1
1451515384.706	1
1451515505.724	1
1451515599.776	1
1451515680.499	1
1451515685.551	1
1451515687.579	1
1451516079.151	1
1451518863.665	1
1451518875.925	1
1451518882.355	1
1451519200.926	1
1451519204.413	1
1451519211.411	1
1451519221.047	1
1451519303.308	1
1451519313.992	1
1451519321.258	1
1451519348.472	1
1451519348.472	1
1451519370.195	1
1451519370.195	1
1451519490.596	1
1451519490.596	1
1451519499.447	1
1451519499.447	1
1451519718.444	1
1451519899.68	1
1451520695.47	1
1451520842.625	1
1451520849.024	1
1451521248.318	1
1451529636.782	1
1451530097.583	1
1451530464.56	1
1451530829.839	1
1451531192.357	1
1451531870.293	1
1451531879.663	1
1451532552.734	1
1451532559.055	1
1451533361.442	1
1451533372.892	1
1451533381.894	1
1451533678.039	1
1451533711.079	1
1451533737.914	1
1451534314.979	1
1451534344.006	1
1451534380.587	1
1451534424.088	1
1451534507.515	1
1451534527.886	1
1451534584.772	1
1451534592.282	1
1451571023.7	1
1451571408.411	1
1451571614.303	1
1451571908.809	1
1451573086.602	1
1451573092.599	1
1451574031.556	1
1451574220.772	1
1451577922.688	1
1451577932.158	1
1451578286.831	1
1451578341.028	1
1451578540.78	1
1451583716.687	1
1451583886.036	1
1451583904.742	1
1451590348.399	1
1451590358.214	1
1451590583.152	1
1451603278.983	1
1451603595.523	1
1451603635.55	1
1451604003.487	1
1451604096.909	1
1451604164.919	1
1451605693.461	1
1451605717.4	1
1451606580.624	1
1451606624.901	1
1451606899.285	1
1451606937.306	1
1451609145.379	1
1451610553.155	1
1451614905.203	1
1451615020.423	1
1451615683.002	1
1451615896.645	1
1451616563.377	1
1451616836.994	1
1451617677.345	1
1451617733.66	1
1451617744.628	1
1451618085.443	1
1451618100.708	1
1451618154.178	1
1451618174.957	1
1451618321.948	1
1451618501.328	1
1451618911.105	1
1451618922.105	1
1451618935.478	1
1451618962.822	1
1451664106.359	1
1451664360.694	1
1451667791.651	1
1451744905.763	1
1451745008.496	1
1451745115.453	1
1451745157.708	1
1451745358.31	1
1451745456.275	1
1451746278.065	1
1451747009.595	1
1451747045.062	1
1451748294.209	1
1451749298.574	1
1451749584.076	1
1451749605.408	1
1451750287.257	1
1451754211.234	1
1451754270.861	1
1451754313.136	1
1451754323.138	1
1451755614.902	1
1451755750.299	1
1451755782.443	1
1451755919.593	1
1451755929.096	1
1451755958.07	1
1451756012.961	1
1451756163.892	1
1451756317.138	1
1451759289.168	1
1451759308.221	1
1451759446.199	1
1451761342.054	1
1451763330.732	1
1451769274.389	1
1451775694.405	1
1451784797.345	1
1451784814.599	1
1451785037.16	1
1451785037.16	1
1451785042.588	1
1451785042.588	1
1451785656.311	1
1451785742.253	1
1451785769.524	1
1451786537.087	1
1451787107.935	1
1451788615.792	1
1451788949.528	1
1451789607.81	1
1451789607.81	1
1451789730.532	1
1451789730.532	1
1451790205.588	1
1451790794.36	1
1451791221.087	1
1451791295.925	1
1451791538.814	1
1451791643.394	1
1451791662.84	1
1451792012.692	1
1451792510.929	1
1451792669.214	1
1451792838.055	1
1451793133.76	1
1451793261.669	1
1451793274.076	1
1451793312.1	1
1451793343.996	1
1451793385.577	1
1451794384.541	1
1451794438.302	1
1451794503.234	1
1451794577.763	1
1451794595.313	1
1451794639.465	1
1451794657.971	1
1451794804.43	1
1451795170.398	1
1451795258.638	1
1451795541.192	1
1451795727.187	1
1451796338.23	1
1451796466.737	1
1451796475.656	1
1451796531.408	1
1451796536.968	1
1451796555.996	1
1451796565.782	1
1451796600.624	1
1451796677.661	1
1451796686.217	1
1451798405.938	1
1451798974.885	1
1451838388.447	1
1451839317.136	1
1451839938.789	1
1451840123.079	1
1451840751.482	1
1451841733.496	1
1451842949.292	1
1451843266.707	1
1451847540.331	1
1451847549.87	1
1451847926.0	1
1451848104.468	1
1451849437.453	1
1451850485.392	1
1451850489.507	1
1451850500.815	1
1451850541.375	1
1451850562.429	1
1451851111.536	1
1451851119.834	1
1451851377.513	1
1451851414.225	1
1451858582.362	1
1451862836.952	1
1451864294.566	1
1451864294.566	1
1451864888.698	1
1451873132.502	1
1451873895.964	1
1451874018.237	1
1451876417.96	1
1451907147.575	1
1451907173.966	1
1451907180.122	1
1451907227.909	1
1451907245.302	1
1451907381.633	1
1451907851.61	1
1451908122.043	1
1451908132.127	1
1451908219.384	1
1451909184.903	1
1451909204.249	1
1451909356.297	1
1451909972.688	1
1451910366.917	1
1451911760.587	1
1451915756.096	1
1451916354.215	1
1451922403.238	0
1451923702.794	0
1451923832.817	0
1451923857.347	0
1451923861.624	0
1451923896.421	0
1451923983.544	0
1451924195.258	0
1451924731.212	0
1451924742.191	0
1451924982.721	0
1451924982.721	0
1451925472.566	1
1451926545.516	1
1451928618.415	1
1451928674.563	1
1451930621.783	1
1451930840.801	1
1451930855.0	1
1451932551.93	1
1451932555.33	1
1451932758.541	1
1451933151.109	0
1451933171.32	1
1451933343.928	1
1451933351.915	1
1451933370.303	1
1451933444.537	1
1451933455.103	1
1451933603.155	1
1451933611.407	1
1451933615.865	1
1451933673.409	1
1451933756.301	1
1451934969.389	1
1451935135.255	1
1451936868.557	1
1451936886.079	1
1451937137.693	1
1451937181.097	1
1451937432.524	1
1451937471.673	1
1451937498.768	1
1451937516.349	1
1451937534.505	1
1451937541.052	1
1451937545.375	1
1451937575.304	1
1451937996.25	1
1451938025.153	1
1451938055.435	1
1451938134.67	1
1451938341.691	1
1451938358.979	1
1451938376.58	1
1451938406.729	1
1451940002.45	1
1451940406.205	1
1451943344.026	1
1451945004.875	1
1451945095.866	1
1451945240.778	1
1451945760.711	1
1451945772.759	1
1451946219.31	1
1451946227.568	1
1451947041.336	1
1451947340.588	1
1451947347.533	1
1451947385.161	1
1451947575.324	1
1451947886.897	1
1451948956.19	1
1451950320.964	1
1451950331.341	1
1451950355.082	1
1451950643.201	1
1451951285.691	1
1451951648.021	1
1451952273.259	1
1451952426.202	1
1451952441.203	1
1451952493.065	1
1451952930.965	1
1451953459.854	1
1451954241.696	1
1451959705.937	1
1451960182.837	1
1451960211.206	1
1451960214.843	1
1451960240.58	1
1451960240.58	1
1451960268.594	1
1451960268.594	1
1451960297.795	1
1451960297.795	1
1451960313.294	1
1451960313.294	1
1451960323.54	1
1451960323.54	1
1451960361.16	1
1451960361.16	1
1451960377.62	1
1451960377.62	1
1451960507.092	1
1451960542.609	1
1451960571.508	1
1451960664.771	1
1451960670.678	1
1451960919.151	1
1451960976.541	1
1451960995.452	1
1451961036.359	1
1451961137.192	1
1451961174.661	1
1451961189.297	1
1451961298.867	1
1451961367.757	1
1451961382.733	1
1451961391.789	1
1451961493.347	1
1451961584.359	1
1451961592.974	1
1451961619.302	1
1451961627.482	1
1451961636.697	1
1451961796.869	1
1451961913.37	1
1451961930.231	1
1451961974.342	1
1451961990.863	1
1451962001.485	1
1451962094.883	1
1451962302.815	1
1451962338.733	1
1451962477.724	1
1451962715.988	1
1452000093.831	1
1452000108.984	1
1452000117.179	1
1452000336.281	1
1452005744.506	1
1452005865.399	1
1452005874.215	1
1452006300.027	1
1452019649.363	1
1452026764.279	1
1452028446.112	1
1452028573.068	1
1452029290.044	1
1452029315.655	1
1452029447.379	1
1452029520.695	1
1452029553.457	1
1452029610.848	1
1452030241.348	1
1452030253.381	1
1452030268.559	1
1452030385.844	1
1452031161.376	1
1452035980.04	1
1452036909.311	1
1452038128.681	1
1452038740.493	1
1452038767.687	1
1452039077.571	1
1452039137.21	1
1452039175.192	1
1452039192.119	1
1452042376.436	1
1452042891.606	1
1452043383.378	1
1452043413.499	1
1452043435.002	1
1452043862.241	1
1452043872.99	1
1452044209.559	1
1452044373.335	1
1452044375.769	1
1452049435.584	1
1452049503.336	1
1452080233.433	1
1452082129.01	1
1452082717.355	1
1452082733.905	1
1452082997.821	1
1452083024.861	1
1452083036.281	1
1452083274.985	1
1452084505.398	1
1452085626.378	1
1452086103.538	1
1452086764.053	1
1452087306.339	1
1452087346.189	1
1452087452.338	1
1452087475.274	1
1452087765.897	1
1452088268.576	1
1452093519.039	1
1452099836.117	1
1452099841.892	1
1452099871.385	1
1452100562.559	1
1452100607.421	1
1452101171.339	1
1452110923.203	1
1452113604.007	1
1452118115.771	1
1452118671.51	1
1452118680.562	1
1452118785.972	1
1452118832.041	1
1452119638.212	1
1452119651.98	1
1452120199.977	1
1452120209.597	1
1452120333.915	1
1452120341.109	1
1452120354.498	1
1452120377.212	1
1452120408.847	1
1452120421.278	1
1452122381.353	1
1452122666.478	1
1452127317.938	1
1452127536.513	1
1452127550.841	1
1452128001.563	1
1452128212.585	1
1452129319.607	1
1452129348.879	1
1452129459.052	1
1452129489.551	1
1452129498.78	1
1452129508.877	1
1452130533.086	1
1452131161.691	1
1452133776.891	1
1452133790.323	1
1452133802.927	1
1452133817.075	1
1452133974.344	1
1452133978.931	1
1452133993.383	1
1452134008.791	1
1452134108.935	1
1452134148.77	1
1452170977.635	1
1452171092.942	1
1452171287.253	1
1452171871.23	1
1452180218.62	1
1452181302.994	1
1452181322.583	1
1452181369.136	1
1452181585.472	1
1452181591.101	1
1452181606.134	1
1452181645.516	1
1452181900.449	1
1452181922.182	1
1452182256.189	1
1452182277.313	1
1452182634.432	1
1452182772.854	1
1452183024.273	1
1452183110.908	1
1452183141.869	1
1452191922.031	1
1452191932.614	1
1452191942.611	1
1452191951.397	1
1452192004.866	1
1452192027.921	1
1452192090.703	1
1452192100.642	1
1452199963.941	1
1452206169.64	1
1452206596.125	1
1452206712.871	1
1452206833.412	1
1452207641.016	1
1452207650.719	1
1452208314.102	1
1452208315.724	1
1452208356.933	1
1452208451.975	1
1452208458.75	1
1452208669.856	1
1452208988.238	1
1452209077.283	1
1452209168.156	1
1452209709.044	1
1452210828.416	1
1452211297.337	1
1452213921.215	1
1452214059.924	1
1452216343.888	1
1452218838.944	1
1452218943.521	1
1452218993.528	1
1452219184.286	1
1452219225.006	1
1452219254.301	1
1452219347.628	1
1452219371.979	1
1452219393.397	1
1452219397.458	1
1452219490.586	1
1452219657.73	1
1452219735.57	1
1452219860.471	1
1452219923.372	1
1452220310.827	1
1452220892.005	1
1452220896.739	1
1452221350.29	1
1452221374.762	1
1452221402.598	1
1452221405.628	1
1452221407.697	1
1452221426.143	1
1452221521.541	1
1452221611.236	1
1452221635.092	1
1452221710.879	1
1452221792.687	1
1452221797.478	1
1452221880.481	1
1452221897.644	1
1452222515.926	1
1452222567.389	1
1452222731.237	1
1452222807.803	1
1452222930.533	1
1452223830.937	1
1452223835.281	1
1452223908.442	1
1452223914.675	1
1452223947.58	1
1452223959.842	1
1452224371.613	1
1452224758.138	1
1452225093.366	1
1452225533.711	1
1452225565.726	1
1452225626.37	1
1452225698.179	1
1452225762.614	1
1452225779.554	1
1452225853.421	1
1452225857.909	1
1452225904.327	1
1452225958.382	1
1452225993.565	1
1452225999.158	1
1452226066.682	1
1452226073.089	1
1452226083.845	1
1452226093.969	1
1452226167.949	1
1452226183.61	1
1452254687.997	1
1452262677.268	1
1452262788.034	1
1452262792.548	1
1452262822.909	1
1452263145.84	1
1452263391.25	1
1452266417.173	1
1452267031.917	1
1452270130.975	1
1452270155.943	1
1452270162.206	1
1452271007.404	1
1452271027.053	1
1452271064.357	1
1452271905.163	1
1452273059.222	1
1452273169.071	1
1452273174.277	1
1452273304.833	1
1452273709.147	1
1452275802.271	1
1452276198.34	1
1452276995.566	1
1452277009.273	1
1452278397.68	1
1452278407.956	1
1452278762.048	1
1452288221.132	0
1452288262.312	0
1452288287.183	0
1452288312.079	1
1452289264.525	0
1452299516.862	1
1452300671.896	1
1452300679.334	1
1452300697.41	1
1452300846.195	1
1452300861.038	1
1452300875.051	1
1452300888.989	1
1452300899.346	1
1452300905.357	1
1452300909.03	1
1452301018.931	1
1452301058.778	1
1452301071.244	1
1452301148.056	1
1452301148.056	1
1452301168.437	1
1452301168.437	1
1452301206.604	1
1452301206.604	1
1452301212.773	1
1452301212.773	1
1452301246.105	1
1452301246.105	1
1452301301.639	1
1452301301.639	1
1452301334.287	1
1452301433.48	1
1452301727.579	1
1452301914.974	1
1452302454.878	1
1452302686.836	1
1452302762.026	1
1452302843.953	1
1452302849.086	1
1452302853.978	1
1452302977.197	1
1452303005.008	1
1452303254.023	1
1452303495.578	1
1452303798.535	1
1452303961.512	1
1452303975.057	1
1452304016.215	1
1452304037.92	1
1452304086.984	1
1452304095.606	1
1452304096.19	1
1452304103.221	1
1452304239.011	1
1452304414.384	1
1452304490.557	1
1452304588.571	1
1452304780.895	1
1452305182.806	1
1452305193.86	1
1452306646.03	1
1452306677.595	1
1452306697.026	1
1452306792.478	1
1452308395.732	1
1452308484.121	1
1452308506.487	1
1452308533.683	1
1452308676.03	1
1452308689.383	1
1452308715.205	1
1452308761.542	1
1452308766.438	1
1452308793.202	1
1452308828.872	1
1452308835.284	1
1452308914.709	1
1452308942.777	1
1452309770.405	1
1452311267.962	1
1452311397.169	1
1452311531.454	1
1452313699.675	1
1452315315.659	1
1452341687.558	1
1452342556.828	1
1452345498.522	1
1452345527.498	1
1452345529.212	1
1452346456.579	1
1452347427.356	1
1452347450.631	1
1452353029.301	1
1452353145.424	1
1452353337.967	1
1452354593.264	1
1452354624.597	1
1452354642.926	1
1452354658.998	1
1452354696.41	1
1452354707.007	1
1452354719.756	1
1452354738.674	1
1452356751.205	1
1452356771.052	1
1452356796.225	1
1452356798.409	1
1452356813.103	1
1452356830.972	1
1452356949.846	1
1452357193.07	1
1452367864.322	1
1452367934.5	1
1452367953.75	1
1452368506.659	1
1452369671.167	1
1452370047.722	1
1452370230.572	1
1452370248.176	1
1452370587.937	1
1452370611.019	1
1452371991.951	0
1452372596.168	0
1452376138.03	1
1452378071.273	1
1452386981.292	1
1452387015.966	1
1452389142.698	1
1452391015.524	1
1452391063.995	1
1452391510.53	1
1452391537.711	1
1452391573.797	1
1452391623.628	1
1452391623.683	1
1452391628.24	1
1452391655.156	1
1452391674.322	1
1452391690.918	1
1452391700.461	1
1452391874.976	1
1452391891.161	1
1452392468.444	1
1452392477.239	1
1452392572.869	0
1452392634.569	0
1452392761.224	0
1452392770.76	1
1452392782.614	1
1452392818.605	0
1452392894.322	0
1452392916.246	1
1452393010.277	1
1452394781.477	1
1452394791.867	1
1452394831.43	1
1452445754.093	0
1452447041.493	1
1452447352.337	0
1452448489.957	0
1452448492.375	0
1452475770.146	1
1452480493.621	1
1452513949.562	1
1452518580.994	1
1452518809.528	1
1452518830.873	1
1452518863.955	1
1452518866.599	1
1452518907.796	1
1452518907.796	1
1452520560.971	1
1452520613.162	1
1452520858.98	1
1452522435.637	1
1452522440.036	1
1452522788.45	1
1452528207.909	1
1452528229.687	1
1452528247.686	1
1452528272.056	1
1452528367.282	1
1452528390.316	1
1452528478.196	1
1452528679.723	1
1452528759.779	1
1452528944.482	1
1452529437.164	1
1452529793.981	1
1452533068.554	1
1452537727.062	1
1452539027.485	1
1452543946.896	0
1452543986.892	1
1452543995.693	0
1452544036.096	0
1452555669.866	0
1452557667.677	1
1452557788.206	1
1452557797.76	1
1452557869.956	1
1452557883.466	1
1452557892.604	1
1452557986.646	1
1452558007.647	1
1452558015.316	1
1452558257.875	1
1452558257.875	1
1452560573.209	1
1452560834.971	1
1452560929.564	1
1452561336.125	1
1452561483.517	1
1452562353.842	1
1452564221.562	1
1452564257.018	1
1452564266.848	1
1452564497.971	1
1452564877.906	1
1452565376.894	0
1452565539.642	0
1452565540.464	0
1452565711.973	0
1452565769.642	0
1452565769.642	0
1452565902.987	0
1452565902.987	0
1452565955.505	0
1452565955.505	0
1452565983.436	0
1452565983.436	0
1452566005.204	0
1452566005.204	0
1452566251.36	0
1452566345.621	0
1452566901.883	1
1452566997.133	1
1452567006.932	1
1452567214.13	1
1452567221.758	1
1452567805.483	1
1452567884.794	1
1452567910.309	1
1452567915.178	1
1452568080.526	1
1452568895.007	1
1452568929.381	1
1452569183.544	1
1452569194.156	1
1452569215.959	1
1452569353.029	1
1452569457.887	1
1452569489.012	1
1452569548.218	1
1452569585.474	1
1452569593.169	1
1452569599.704	1
1452569604.62	1
1452569624.057	1
1452569631.475	1
1452569666.345	1
1452614709.589	1
1452618743.602	1
1452630352.636	1
1452630356.823	1
1452630855.319	1
1452630865.608	1
1452633691.43	1
1452636173.658	1
1452638668.404	1
1452638751.843	1
1452639144.969	1
1452639511.904	1
1452640170.128	1
1452641928.328	1
1452643441.448	1
1452643446.746	1
1452643592.27	1
1452644192.956	1
1452644244.262	1
1452644274.522	1
1452644282.597	1
1452644345.201	1
1452644566.074	1
1452644579.05	1
1452645570.192	1
1452645625.062	1
1452645663.675	1
1452645992.769	1
1452646256.821	1
1452646295.744	1
1452646353.506	1
1452646396.994	1
1452646417.05	1
1452646642.479	1
1452649074.892	0
1452649079.506	0
1452650953.149	1
1452651442.37	0
1452651467.77	1
1452651478.466	1
1452651503.98	1
1452651615.222	0
1452651842.387	1
1452652492.282	0
1452655753.059	1
1452655760.526	1
1452656785.61	1
1452656799.345	1
1452656811.424	1
1452656839.53	1
1452656878.868	1
1452656881.333	1
1452656899.966	1
1452657208.46	0
1452657216.345	0
1452658569.914	1
1452658584.399	1
1452658621.613	1
1452658655.909	1
1452658685.261	1
1452658700.377	1
1452658710.789	1
1452658747.487	1
1452658767.539	1
1452658843.141	1
1452658854.106	1
1452658873.675	1
1452659390.641	1
1452659406.936	1
1452659439.996	1
1452659454.687	1
1452659536.987	1
1452659705.302	1
1452659755.781	1
1452659944.244	1
1452660073.164	1
1452660129.866	1
1452660148.524	1
1452660188.312	1
1452660256.009	1
1452660364.656	1
1452660474.742	1
1452660533.925	1
1452660539.779	1
1452660656.961	1
1452660693.76	1
1452660730.843	1
1452660742.557	1
1452660771.617	1
1452660804.967	1
1452660825.48	1
1452660879.149	1
1452661064.486	1
1452661114.958	1
1452661139.306	1
1452661148.073	1
1452661158.586	1
1452683494.698	0
1452684078.072	0
1452684090.787	0
1452685101.16	0
1452685189.412	0
1452685834.151	0
1452685906.282	0
1452686226.721	1
1452687998.715	1
1452688110.514	1
1452689262.066	1
1452689372.715	1
1452689376.37	1
1452692062.192	1
1452692072.898	1
1452699633.767	1
1452699667.214	1
1452699691.374	1
1452699768.695	1
1452699785.497	1
1452701690.333	0
1452701706.984	1
1452701759.806	0
1452702042.722	1
1452706170.033	1
1452706336.79	1
1452710102.236	1
1452710130.9	1
1452711926.873	1
1452711950.856	1
1452711956.876	1
1452711974.06	1
1452712010.328	1
1452712123.426	1
1452712164.24	1
1452712305.271	1
1452722040.837	1
1452723215.774	1
1452725904.885	1
1452725934.58	1
1452726059.094	1
1452726118.11	1
1452726366.346	1
1452726889.102	1
1452726894.366	1
1452726903.239	1
1452726951.186	1
1452727206.942	1
1452727421.092	1
1452727732.705	1
1452727884.162	1
1452729333.576	1
1452729363.718	1
1452729379.308	1
1452729440.486	1
1452729603.972	1
1452729869.424	1
1452731061.127	1
1452731198.838	1
1452731642.276	1
1452731972.713	1
1452731976.18	1
1452732152.879	1
1452732719.915	1
1452736967.329	0
1452737017.549	1
1452737079.107	0
1452737551.354	0
1452737608.857	0
1452737625.662	0
1452737635.998	0
1452737647.038	0
1452737658.831	0
1452739235.9	1
1452739257.84	1
1452739270.208	1
1452739280.37	1
1452739338.153	1
1452739452.035	1
1452739521.983	1
1452739524.648	1
1452739531.799	1
1452739548.916	1
1452739570.191	1
1452739610.554	1
1452739638.627	1
1452739646.825	1
1452739892.55	1
1452739913.547	1
1452739923.026	1
1452740005.125	1
1452740044.675	1
1452740657.534	1
1452740790.219	1
1452740877.93	1
1452743512.615	1
1452774767.717	1
1452776010.331	1
1452779897.822	1
1452780198.028	1
1452784706.75	1
1452784737.905	1
1452784815.505	1
1452785156.719	1
1452785361.33	1
1452786007.759	1
1452786065.678	1
1452786538.341	1
1452787283.363	1
1452787408.986	1
1452810063.205	1
1452818450.981	1
1452818486.786	1
1452818686.859	1
1452818725.896	1
1452818807.231	1
1452818812.38	1
1452818820.674	1
1452818958.37	1
1452818982.401	1
1452818992.268	1
1452818993.574	1
1452819086.27	1
1452819110.204	1
1452819127.268	1
1452819234.383	1
1452821548.622	1
1452821749.806	1
1452821789.055	1
1452822116.199	1
1452822138.407	1
1452822215.685	1
1452822382.256	1
1452822411.637	1
1452822523.457	1
1452822534.58	1
1452822561.514	1
1452822576.768	1
1452824240.877	1
1452824261.877	1
1452824268.245	1
1452824480.012	1
1452826435.998	1
1452826469.607	1
1452826706.653	1
1452826834.627	1
1452826868.892	1
1452827919.609	1
1452827986.817	1
1452827995.991	1
1452828123.594	1
1452828282.936	1
1452828296.126	1
1452828794.33	1
1452829169.929	1
1452829200.836	1
1452829201.711	1
1452829210.272	1
1452829281.637	1
1452829406.559	1
1452829415.3	1
1452829718.932	1
1452829803.412	1
1452830509.776	1
1452830521.556	1
1452830772.499	1
1452830787.161	1
1452857423.097	0
1452857464.642	0
1452859132.381	0
1452859169.046	0
1452859690.785	0
1452859690.785	0
1452860032.87	0
1452860056.476	0
1452860313.621	0
1452862126.252	0
1452862137.913	0
1452862226.784	1
1452862460.86	0
1452862487.871	0
1452862959.959	0
1452862997.8	1
1452863072.029	1
1452863105.371	1
1452863256.938	1
1452863373.148	1
1452863406.487	1
1452864140.299	1
1452864201.798	1
1452864803.54	1
1452864803.54	1
1452864825.744	1
1452864825.744	1
1452864919.905	1
1452864950.028	1
1452865050.956	1
1452865562.284	1
1452865673.384	1
1452865713.785	1
1452866051.041	1
1452866051.041	1
1452866070.222	1
1452866070.222	1
1452866368.509	1
1452866450.14	1
1452868192.021	1
1452868296.542	1
1452868308.15	1
1452868484.782	1
1452868565.696	1
1452868565.696	1
1452868646.107	1
1452868754.953	1
1452868770.284	1
1452868785.755	1
1452868840.928	1
1452868884.422	1
1452868905.466	1
1452868908.482	1
1452869008.901	1
1452869090.77	1
1452869167.567	1
1452869234.231	1
1452869267.333	1
1452869494.627	1
1452869569.975	1
1452869588.43	1
1452869808.5	1
1452869884.698	1
1452869903.813	1
1452874005.51	1
1452874190.181	1
1452874371.238	1
1452874961.588	1
1452875111.395	1
1452875437.007	1
1452875548.258	1
1452876305.786	1
1452876332.008	1
1452876332.008	1
1452876340.582	1
1452876340.582	1
1452876351.373	1
1452876351.373	1
1452876495.612	1
1452876495.612	1
1452876584.604	1
1452880273.362	1
1452880525.084	1
1452880555.579	1
1452880654.288	1
1452880654.288	1
1452880847.543	1
1452880849.541	1
1452880903.114	1
1452880994.129	1
1452881045.489	1
1452881046.251	1
1452881098.506	1
1452881168.828	1
1452881373.861	1
1452881392.55	1
1452881591.935	1
1452881617.85	1
1452881630.077	1
1452881642.905	1
1452881645.276	1
1452881655.062	1
1452881695.863	1
1452881711.914	1
1452881974.068	1
1452881974.068	1
1452882581.14	1
1452882942.273	1
1452883316.263	1
1452883359.835	1
1452885849.445	1
1452885863.408	1
1452885869.925	1
1452885895.982	1
1452886900.84	1
1452888102.532	1
1452888153.221	1
1452889482.071	1
1452889495.713	1
1452889712.213	1
1452890034.201	1
1452890148.024	1
1452890855.746	1
1452890871.06	1
1452890873.723	1
1452893529.669	1
1452893540.165	1
1452893579.188	1
1452893603.565	1
1452897742.823	1
1452897822.224	1
1452897845.263	1
1452897896.088	1
1452897956.566	1
1452898541.305	1
1452898549.994	1
1452898862.256	1
1452898881.685	1
1452899087.097	1
1452899126.113	1
1452899141.02	1
1452899151.088	1
1452899184.729	1
1452899215.895	1
1452899262.695	1
1452899274.834	1
1452899463.377	0
1452899573.273	0
1452899586.137	0
1452899653.397	0
1452899673.658	0
1452899694.819	0
1452900369.762	1
1452900398.444	1
1452901053.637	1
1452901310.739	1
1452901354.963	1
1452901354.963	1
1452901373.624	1
1452901388.944	1
1452902334.969	1
1452902341.206	1
1452907389.456	1
1452908184.077	0
1452908329.969	1
1452908414.202	1
1452908448.219	1
1452908582.724	1
1452908941.279	1
1452909286.049	1
1452909370.811	1
1452909543.242	1
1452909566.871	1
1452909635.851	1
1452909906.606	1
1452909948.42	1
1452909977.156	1
1452911783.861	1
1452911906.432	1
1452911924.552	1
1452912025.643	1
1452912127.845	1
1452912127.845	1
1452912572.184	1
1452912586.386	1
1452912718.021	1
1452912763.856	1
1452912849.477	1
1452912864.004	1
1452913062.358	1
1452913117.693	1
1452913159.683	1
1452913172.065	1
1452913191.677	1
1452913219.436	1
1452913260.667	1
1452913292.49	1
1452913313.337	1
1452913314.034	1
1452913325.241	1
1452913428.373	1
1452913435.609	1
1452913459.621	1
1452913469.908	1
1452913482.144	1
1452913483.878	1
1452913486.896	1
1452913504.58	1
1452913546.153	1
1452913706.434	1
1452913945.574	1
1452914093.96	1
1452914147.749	1
1452914280.84	1
1452914330.742	1
1452914479.304	1
1452914612.68	0
1452914644.062	1
1452950231.436	0
1452954599.345	1
1452955257.397	1
1452956018.462	1
1452956274.589	1
1452960989.616	1
1452961032.654	1
1452961090.522	1
1452961166.604	1
1452962809.659	1
1452962920.54	1
1452962947.508	1
1452962993.474	1
1452963102.533	1
1452963195.047	1
1452963211.248	1
1452963833.068	1
1452964080.936	1
1452964120.52	1
1452964358.939	1
1452964410.337	1
1452966342.431	1
1452966357.528	1
1452970141.866	1
1452970253.455	1
1452976051.331	1
1452977008.846	1
1452977040.646	1
1452977091.746	1
1452988972.501	1
1452990767.387	1
1452991200.745	1
1452991809.996	1
1452991914.379	1
1452991931.652	1
1452995232.22	1
1452995379.826	1
1452995401.349	1
1452995530.902	1
1452997554.504	1
1452999251.174	1
1452999258.62	1
1452999290.555	1
1453000950.367	1
1453001098.772	1
1453001119.102	1
1453001288.783	1
1453001546.309	1
1453001553.841	1
1453001672.085	1
1453002600.367	1
1453002781.796	1
1453002813.748	1
1453002940.748	1
1453003269.633	1
1453003357.678	1
1453003619.257	1
1453003636.244	1
1453003772.234	1
1453004737.564	1
1453004943.437	1
1453005047.245	1
1453005051.327	1
1453005069.291	1
1453005080.634	1
1453050727.597	1
1453061047.357	1
1453061214.491	1
1453061486.495	1
1453061683.84	1
1453061708.674	1
1453062015.516	1
1453062401.304	1
1453062409.369	1
1453063448.655	1
1453063470.656	1
1453063490.238	1
1453063514.609	1
1453063655.145	1
1453069149.174	1
1453069227.98	1
1453069270.598	1
1453082356.144	1
1453082395.209	1
1453082741.743	1
1453089665.577	1
1453119037.718	1
1453119640.441	1
1453120152.808	1
1453120164.105	1
1453120331.358	1
1453120765.125	1
1453121707.172	1
1453121728.714	1
1453121763.969	1
1453122071.524	1
1453122739.813	1
1453122867.744	1
1453122920.829	1
1453122928.682	1
1453123014.626	1
1453123057.922	1
1453123257.969	1
1453123295.604	1
1453123315.464	1
1453123592.623	1
1453123803.904	1
1453124023.407	1
1453124231.27	1
1453124290.584	1
1453124306.082	1
1453124341.304	1
1453129192.193	1
1453129543.727	1
1453129687.343	1
1453130464.296	1
1453130805.186	1
1453130910.845	1
1453130940.215	1
1453130952.558	1
1453130987.295	1
1453131177.349	1
1453131391.487	1
1453131470.456	1
1453131479.67	1
1453131516.106	1
1453131529.862	1
1453131597.865	1
1453131697.783	1
1453131816.056	1
1453131851.394	1
1453131902.654	1
1453132459.853	1
1453132534.959	1
1453132629.808	1
1453136428.03	1
1453136472.41	1
1453155125.899	1
1453158444.789	1
1453158642.721	1
1453158685.228	1
1453158726.774	1
1453158732.006	1
1453158888.362	1
1453158973.559	1
1453159554.989	1
1453159768.473	1
1453159771.002	1
1453160059.121	1
1453160109.116	1
1453162345.182	1
1453162449.145	1
1453162702.44	1
1453162720.183	1
1453163152.595	1
1453163254.758	1
1453163299.48	1
1453163996.057	1
1453164162.438	0
1453164204.559	0
1453164246.255	0
1453164267.777	0
1453164313.101	0
1453164355.301	0
1453164397.017	0
1453164432.738	0
1453164455.619	0
1453164506.617	0
1453164553.953	1
1453164564.04	0
1453164579.776	1
1453164587.175	1
1453164708.03	0
1453164742.748	1
1453164760.275	0
1453164863.159	0
1453164865.321	0
1453165022.722	0
1453165099.249	0
1453165240.985	0
1453165334.419	0
1453165385.765	0
1453165400.374	1
1453165451.679	0
1453165506.991	0
1453165545.937	0
1453165590.849	0
1453165669.738	0
1453165738.781	0
1453165743.318	0
1453165786.211	0
1453165810.533	0
1453165887.158	0
1453165907.906	0
1453165949.025	0
1453165970.056	0
1453166213.799	0
1453166509.756	0
1453166611.952	0
1453166695.674	0
1453166729.984	0
1453166923.214	0
1453167066.04	0
1453167153.749	0
1453167159.628	0
1453167190.404	1
1453167201.863	1
1453168051.929	0
1453168068.801	0
1453168089.091	1
1453168736.244	0
1453169399.062	0
1453169730.132	0
1453169784.243	0
1453169800.476	0
1453169826.672	0
1453170424.429	0
1453173538.623	1
1453173697.442	1
1453209383.32	1
1453209452.457	1
1453209452.457	1
1453209536.964	1
1453209627.456	1
1453209998.106	1
1453216439.839	1
1453216658.43	1
1453216685.667	1
1453216686.636	1
1453217087.376	1
1453217101.77	1
1453220859.679	1
1453221616.947	1
1453225669.041	1
1453226284.581	1
1453226302.798	1
1453226567.48	1
1453228378.113	1
1453229627.871	1
1453230796.168	1
1453230817.89	1
1453231115.757	1
1453232816.169	1
1453238856.352	1
1453239120.21	1
1453239823.88	0
1453240232.383	1
1453240294.754	1
1453240339.838	1
1453240399.758	1
1453241336.366	0
1453241340.222	0
1453243711.162	0
1453243736.217	1
1453244644.392	0
1453246687.766	1
1453246746.734	1
1453246889.405	1
1453247506.957	1
1453247560.967	1
1453248377.255	0
1453250537.572	0
1453250723.002	0
1453250892.241	0
1453252890.671	1
1453253764.719	1
1453255213.822	1
1453255254.476	1
1453256397.295	1
1453257152.76	1
1453257779.038	1
1453257779.038	1
1453257803.346	1
1453257803.346	1
1453257895.007	1
1453257895.007	1
1453258550.503	1
1453258555.726	1
1453259442.873	1
1453259449.248	1
1453259481.102	1
1453259488.582	1
1453259627.639	1
1453259670.435	1
1453259679.311	1
1453259699.072	1
1453259734.276	1
1453259860.262	1
1453259882.954	1
1453259934.0	1
1453260161.399	1
1453260877.01	1
1453261046.722	1
1453261069.463	1
1453261120.663	1
1453261145.728	1
1453261467.789	1
1453261695.369	1
1453261712.741	1
1453261716.804	1
1453261925.926	1
1453262025.16	1
1453262313.688	1
1453262358.207	1
1453263138.627	1
1453263423.622	1
1453263513.326	1
1453263518.377	1
1453290952.52	1
1453290963.987	1
1453290990.647	1
1453291116.04	1
1453291613.381	1
1453291952.677	1
1453292497.081	1
1453292596.064	1
1453292611.435	1
1453292695.885	1
1453292923.754	1
1453292978.686	1
1453293064.627	1
1453293064.627	1
1453293180.246	1
1453293211.538	1
1453293317.667	1
1453293366.016	0
1453293472.108	1
1453293519.465	1
1453293546.476	1
1453293684.095	1
1453293717.338	0
1453293889.81	1
1453293894.633	1
1453293931.175	0
1453293965.968	1
1453293970.46	1
1453294001.378	1
1453294011.967	1
1453294072.054	1
1453294101.821	1
1453294155.861	1
1453295026.944	1
1453295649.504	1
1453296176.053	1
1453296200.982	1
1453296203.094	1
1453296310.745	1
1453297342.992	1
1453297417.859	1
1453298310.172	1
1453310838.766	0
1453317721.656	1
1453317835.869	1
1453317849.44	1
1453319343.595	1
1453319666.043	1
1453323002.543	1
1453323005.893	1
1453332028.003	1
1453332108.203	1
1453347256.763	1
1453347470.143	1
1453347534.609	1
1453347575.492	1
1453347611.709	1
1453347676.787	1
1453347858.675	1
1453348219.303	1
1453348235.457	1
1453348366.242	1
1453376854.605	1
1453377166.448	1
1453377917.524	1
1453378985.553	1
1453379008.479	1
1453379043.118	1
1453379914.236	1
1453379982.858	1
1453380134.658	1
1453380211.294	1
1453380262.02	1
1453380824.814	1
1453380864.342	1
1453381524.741	1
1453382168.137	1
1453382321.692	1
1453382384.196	1
1453383109.217	1
1453383311.171	1
1453383859.248	1
1453384139.834	1
1453384203.666	1
1453387003.859	1
1453387607.802	1
1453387770.59	1
1453391176.301	1
1453395707.885	1
1453395739.217	1
1453416132.772	1
1453416183.947	1
1453416492.631	1
1453416520.049	1
1453416574.499	1
1453416596.992	1
1453417904.956	1
1453417986.144	1
1453418224.373	1
1453418227.109	1
1453418238.734	1
1453418623.734	1
1453418921.352	1
1453418947.82	1
1453419078.035	1
1453419581.69	1
1453420652.537	1
1453421259.575	1
1453421707.666	1
1453422269.8	1
1453423889.674	1
1453423903.336	1
1453427022.412	1
1453427396.691	1
1453427396.691	1
1453427454.409	1
1453427454.409	1
1453427518.216	1
1453427518.216	1
1453429150.257	1
1453429150.257	1
1453429165.97	1
1453429165.97	1
1453429332.281	1
1453429426.978	1
1453430312.867	1
1453463493.628	1
1453463676.123	1
1453464310.82	1
1453464329.409	1
1453464349.251	1
1453464427.107	1
1453464523.476	1
1453464583.277	1
1453464730.954	1
1453464814.502	1
1453464972.528	1
1453465010.306	1
1453465539.664	1
1453465734.401	1
1453466168.077	1
1453466170.977	1
1453466316.626	1
1453466411.258	1
1453466447.605	1
1453466474.078	1
1453467365.87	1
1453467385.628	1
1453467395.802	1
1453467448.639	1
1453467507.868	1
1453467892.545	1
1453467940.462	1
1453467957.158	1
1453468021.845	1
1453468571.143	1
1453469167.525	1
1453469280.523	1
1453469363.776	1
1453469434.899	1
1453469570.438	1
1453469845.44	1
1453469867.601	1
1453470241.864	1
1453470297.053	1
1453470546.557	1
1453475769.595	1
1453476008.374	1
1453476052.268	1
1453476110.755	1
1453476443.48	1
1453476879.453	1
1453476885.206	1
1453476913.863	1
1453477288.836	1
1453477740.977	1
1453478545.363	1
1453486878.557	1
1453486926.018	1
1453501281.819	1
1453507650.313	1
1453507905.759	1
1453507975.669	1
1453508051.355	1
1453508158.865	0
1453508309.621	1
1453508619.678	1
1453508656.262	1
1453508671.902	1
1453519973.352	1
1453520407.034	1
1453521916.754	1
1453522225.909	1
1453522310.152	1
1453523214.727	1
1453523439.591	1
1453523569.482	1
1453523687.855	1
1453523694.97	1
1453523886.902	1
1453523907.707	1
1453523945.877	1
1453526552.502	1
1453526566.295	1
1453558437.181	1
1453560854.985	1
1453561806.936	1
1453561847.783	1
1453561856.886	1
1453561887.64	1
1453561920.804	1
1453562250.511	1
1453562276.822	1
1453562300.883	1
1453562320.718	1
1453562330.007	1
1453562498.463	1
1453562765.227	1
1453574733.5	1
1453574741.002	1
1453574787.096	1
1453574923.311	1
1453574943.051	1
1453575194.72	1
1453575277.753	1
1453579173.668	1
1453580070.685	1
1453580287.821	1
1453580437.84	1
1453580538.599	1
1453592267.753	1
1453609498.76	1
1453609520.807	1
1453609562.436	1
1453609592.692	1
1453609616.762	1
1453609664.592	1
1453609676.686	1
1453609691.053	1
1453609714.183	1
1453609723.986	1
1453609762.525	1
1453609769.936	1
1453609916.249	1
1453609939.276	1
1453609957.131	1
1453610002.111	1
1453610153.12	1
1453610175.976	1
1453610900.593	1
1453610907.095	1
1453610913.172	1
1453610924.596	1
1453610988.85	1
1453611023.091	1
1453611025.111	1
1453611068.276	1
1453611105.325	1
1453611142.511	1
1453611198.921	1
1453611243.074	1
1453611303.163	1
1453611326.071	1
1453611347.763	1
1453611347.849	1
1453611374.35	1
1453611395.193	1
1453611395.496	1
1453611671.009	1
1453611687.61	1
1453611712.114	1
1453611828.898	1
1453645013.679	1
1453646858.1	1
1453647900.893	1
1453651701.59	1
1453652238.105	1
1453652501.993	1
1453652691.979	1
1453652721.094	1
1453652739.11	1
1453652767.432	1
1453653544.99	0
1453653746.5	1
1453655305.552	1
1453655305.552	1
1453659071.899	1
1453659176.743	1
1453659208.492	1
1453659316.301	1
1453659316.301	1
1453659811.279	1
1453659835.486	1
1453660576.141	1
1453660686.013	1
1453661422.99	1
1453661494.578	1
1453661891.823	1
1453662013.105	1
1453662087.558	1
1453662256.215	1
1453662306.339	1
1453662373.637	1
1453662376.174	1
1453662386.387	1
1453662411.668	1
1453662448.064	1
1453662479.916	1
1453668501.081	1
1453669388.964	1
1453669403.777	1
1453669406.393	1
1453669859.755	1
1453669863.721	1
1453669863.721	1
1453669889.768	1
1453669930.29	1
1453669964.091	1
1453670532.227	1
1453671315.657	1
1453679187.69	0
1453679187.69	0
1453679214.525	0
1453679214.525	0
1453680079.853	0
1453680125.555	0
1453680778.353	0
1453680819.473	0
1453680958.479	0
1453680994.957	0
1453681006.201	0
1453681046.273	0
1453681659.987	0
1453681735.04	0
1453684109.233	0
1453684576.431	0
1453684614.384	0
1453686239.344	0
1453686284.735	0
1453687120.01	0
1453687773.752	0
1453700461.772	0
1453700483.99	0
1453700529.361	0
1453700543.636	0
1453700606.41	0
1453700616.446	0
1453700730.266	0
1453700742.987	0
1453700761.67	0
1453700772.413	0
1453700865.4	0
1453700911.095	0
1453719254.891	1
1453724770.055	1
1453727812.048	1
1453728313.748	1
1453728529.424	1
1453731571.492	1
1453731730.818	1
1453732343.383	1
1453732419.842	1
1453732458.222	1
1453738140.413	1
1453738140.584	1
1453738218.686	1
1453738220.83	1
1453740124.408	1
1453740199.912	1
1453740230.182	1
1453743715.076	1
1453745203.519	1
1453745245.35	1
1453745396.563	1
1453745468.985	1
1453745524.926	1
1453746878.871	1
1453747622.566	1
1453747688.818	1
1453747858.429	1
1453747871.669	1
1453747902.445	1
1453747916.875	1
1453748017.561	1
1453748037.753	1
1453748085.284	1
1453748105.429	1
1453748264.281	1
1453758654.5	1
1453759198.585	1
1453761261.323	1
1453761302.07	1
1453761461.368	1
1453761481.387	1
1453761570.227	1
1453761571.303	1
1453761613.405	1
1453761812.098	1
1453761833.277	1
1453761904.773	1
1453761953.286	1
1453762029.198	1
1453766105.335	1
1453766135.388	1
1453766205.205	1
1453766721.607	1
1453766800.202	1
1453767829.075	1
1453767872.185	1
1453769256.146	0
1453769387.818	0
1453771944.739	0
1453779957.739	1
1453779981.039	1
1453780015.959	1
1453811382.489	1
1453813051.969	1
1453813167.358	1
1453813249.828	1
1453813513.464	1
1453815516.951	1
1453815535.862	1
1453815606.639	1
1453815617.681	1
1453815629.481	1
1453815763.265	1
1453815859.933	1
1453815893.827	1
1453816046.847	1
1453816070.165	1
1453816136.938	1
1453816433.675	1
1453816488.787	1
1453816607.796	1
1453816609.808	1
1453816741.776	1
1453816768.71	1
1453818157.078	1
1453818254.168	1
1453818274.387	1
1453818619.474	1
1453818975.048	1
1453819025.262	1
1453819097.701	1
1453819219.882	1
1453819454.565	1
1453819584.365	1
1453819735.091	1
1453819769.436	1
1453820341.735	1
1453820403.825	1
1453821029.024	1
1453821095.195	1
1453821192.263	1
1453821252.508	1
1453821365.149	1
1453821399.9	1
1453821602.386	1
1453821872.453	1
1453821942.798	1
1453822002.946	1
1453822798.603	1
1453843002.764	1
1453843035.314	1
1453843109.503	1
1453843121.645	1
1453843125.362	1
1453843175.298	1
1453843197.513	1
1453843210.437	1
1453843282.126	1
1453843293.114	1
1453843603.673	1
1453843613.199	1
1453845235.331	1
1453845269.493	1
1453845279.548	1
1453845284.471	1
1453845420.72	1
1453845995.712	1
1453848619.093	1
1453848646.936	1
1453848649.293	1
1453848664.428	1
1453848704.381	1
1453848771.76	1
1453848808.431	1
1453848979.486	1
1453850634.332	1
1453851297.376	1
1453852751.471	1
1453852794.04	1
1453852814.56	1
1453852844.723	1
1453852850.924	1
1453852895.238	1
1453852956.382	1
1453852992.229	1
1453853064.38	1
1453855921.404	0
1453856538.179	0
1453856615.199	0
1453856643.371	0
1453856986.475	0
1453857600.887	0
1453857959.366	1
1453860963.817	1
1453863055.312	1
1453863137.101	1
1453863193.785	1
1453863547.241	1
1453865367.313	1
1453865421.302	1
1453865735.507	1
1453894913.835	1
1453894979.805	1
1453895016.121	1
1453895037.773	1
1453895711.028	1
1453895896.815	1
1453930698.239	1
1453930871.739	1
1453931898.052	1
1453949270.746	1
1453949284.542	1
1453949964.319	1
1453949978.255	1
1453950053.827	1
1453950089.252	1
1453950126.792	0
1453950148.597	0
1453950162.59	1
1453950240.522	1
1453950246.533	1
1453950258.284	1
1453950350.086	1
1453950364.829	1
1453950761.873	1
1453951172.077	1
1453952145.235	1
1453952148.863	1
1453952181.602	1
1453952183.418	1
1453952226.452	1
1453952227.693	1
1453952261.463	1
1453952295.939	1
1453952397.45	1
1453952397.45	1
1453952430.227	1
1453952430.227	1
1453952521.113	1
1453952521.113	1
1453953033.786	1
1453953033.786	1
1453953262.903	1
1453953262.903	1
1453953934.753	1
1453954058.761	1
1453982751.825	1
1453983381.885	1
1453983443.324	1
1453983518.097	1
1453983552.18	1
1453983676.023	1
1453983684.506	1
1453983716.428	1
1453984605.899	1
1453984909.931	1
1453984946.533	1
1453985248.356	1
1453985276.728	1
1453985332.237	1
1453985348.019	1
1453985369.676	1
1453985395.768	1
1453985413.26	1
1453985425.622	1
1453985629.244	1
1453985682.035	1
1453987405.845	1
1453987409.986	1
1454002098.085	0
1454002107.112	0
1454002154.415	0
1454002158.687	0
1454002674.6	0
1454002706.501	0
1454008596.782	0
1454008651.095	0
1454008656.704	0
1454008805.741	0
1454008916.081	0
1454008921.839	0
1454008937.076	0
1454009103.169	0
1454009197.484	0
1454009219.031	0
1454009252.756	0
1454009554.976	0
1454010031.502	0
1454010386.696	0
1454010706.37	0
1454011614.362	0
1454011723.351	0
1454011870.544	0
1454020394.487	1
1454023969.151	1
1454029953.822	0
1454029956.462	0
