1446052094.507	1
1446069116.766	1
1446074254.658	1
1446075944.035	1
1446086111.237	0
1446087028.724	0
1446087030.116	0
1446087031.442	0
1446087032.356	0
1446087033.57	0
1446087321.905	0
1446087573.864	1
1446088042.87	1
1446091376.766	1
1446129012.414	1
1446136757.303	1
1446137399.768	1
1446140127.096	1
1446141962.482	1
1446146264.896	1
1446146709.963	1
1446146767.706	1
1446149054.098	1
1446149114.66	1
1446154658.535	1
1446154705.215	1
1446154789.67	1
1446154863.867	1
1446155606.576	1
1446156170.293	1
1446156307.235	1
1446156383.071	1
1446156495.788	1
1446156559.395	1
1446156659.317	1
1446156667.735	1
1446156774.461	1
1446156828.279	1
1446156879.497	1
1446156893.478	1
1446158388.736	1
1446168171.043	1
1446168236.734	1
1446168282.796	1
1446168337.262	1
1446168397.966	1
1446220848.692	1
1446237940.661	1
1446238903.257	1
1446239137.937	1
1446240215.417	1
1446240367.467	1
1446241024.314	1
1446270087.415	1
1446270101.356	1
1446270145.191	1
1446306429.952	1
1446306824.419	1
1446307703.743	1
1446309996.076	0
1446310115.137	0
1446313778.33	1
1446313853.823	0
1446314899.511	1
1446315597.102	1
1446316846.851	1
1446316899.9	1
1446341475.741	1
1446353025.111	1
1446398397.62	1
1446399205.161	1
1446410056.729	0
1446414066.989	1
1446436714.775	1
1446436812.165	1
1446436902.714	1
1446489427.245	1
1446496671.514	1
1446504552.709	1
1446507351.97	1
1446512443.137	1
1446513649.372	0
1446513722.414	0
1446513858.12	0
1446513938.713	1
1446517251.426	1
1446520580.581	1
1446520588.224	1
1446571931.021	1
1446591071.859	1
1446594151.319	1
1446594612.568	1
1446594868.282	1
1446594951.412	1
1446594993.672	1
1446650022.281	1
1446658439.766	1
1446659062.769	1
1446661831.862	1
1446661966.278	1
1446662369.167	0
1446662396.226	0
1446662490.795	0
1446663459.707	0
1446665914.791	1
1446668401.045	0
1446668844.277	1
1446668860.263	1
1446668965.374	1
1446669712.438	1
1446670017.012	1
1446670938.185	1
1446671019.326	1
1446672300.538	1
1446672715.413	1
1446672739.734	1
1446672909.534	1
1446682061.682	1
1446682416.967	1
1446682516.957	1
1446682706.883	1
1446682808.287	1
1446682928.803	1
1446683832.88	1
1446693787.56	0
1446730920.473	1
1446755687.863	1
1446763595.876	1
1446764457.84	1
1446767524.314	1
1446767546.331	1
1446768419.586	1
1446768558.845	0
1446768629.802	1
1446768842.38	1
1446770231.101	1
1446774268.389	1
1446778233.582	0
1446831900.326	1
1446846108.37	1
1446846158.238	1
1446847262.243	1
1446853676.291	1
1446854958.129	1
1446855162.748	1
1446857287.481	0
1446858446.98	1
1446858454.049	1
1446858472.338	1
1446858479.538	1
1446858570.673	1
1446858592.039	1
1446858596.591	1
1446861962.65	1
1446862656.263	1
1446862664.849	1
1446862723.96	1
1446862780.222	1
1446862997.394	1
1446863030.778	1
1446863296.032	1
1446866338.681	1
1446866550.026	1
1446909888.631	1
1446914738.759	1
1446920636.738	1
1446922234.376	0
1446926269.084	1
1446928066.028	1
1446929465.048	1
1446930323.159	1
1446930485.511	1
1446930509.738	1
1446930618.255	1
1446930949.861	1
1446930979.967	1
1446933554.622	1
1446934747.167	1
1446934825.622	1
1446934886.122	1
1446934908.755	1
1446937442.482	1
1446937519.957	1
1446937591.898	1
1446937695.995	1
1446938104.0	1
1446941480.508	1
1446941705.263	1
1446942111.226	1
1446942159.85	1
1446942378.845	1
1446942404.596	1
1446942428.731	1
1446943066.159	0
1446943136.57	0
1446945303.53	0
1446960828.469	1
1446999819.251	1
1447000083.001	1
1447000127.788	0
1447000149.679	0
1447000258.558	0
1447000284.643	0
1447000385.053	0
1447002009.412	0
1447004422.604	1
1447004784.918	1
1447005236.606	0
1447005251.252	0
1447005265.696	0
1447006546.663	0
1447006563.945	0
1447006566.679	0
1447006583.96	0
1447006604.494	0
1447006778.653	0
1447007433.943	0
1447007442.224	0
1447007497.357	0
1447007550.296	0
1447009956.681	1
1447010179.446	1
1447010892.85	1
1447011284.418	1
1447012939.604	1
1447013724.74	1
1447013751.846	0
1447013795.253	1
1447013920.889	0
1447019373.288	1
1447019511.789	1
1447019888.076	1
1447019947.027	1
1447019970.179	1
1447020022.566	1
1447109607.375	1
1447110264.842	1
1447110379.29	1
1447114597.683	1
1447114853.327	1
1447115877.29	1
1447115910.433	1
1447126872.217	0
1447143567.649	0
1447199919.213	1
1447199944.342	0
1447199958.077	1
1447200107.754	1
1447200199.233	1
1447200248.442	1
1447200323.594	1
1447207300.064	0
1447208533.576	0
1447258945.732	0
1447263589.81	1
1447270574.796	1
1447270880.392	1
1447270939.209	1
1447270985.234	1
1447271259.032	1
1447271981.676	1
1447272048.795	1
1447283679.634	1
1447284086.93	1
1447284289.174	1
1447286128.128	1
1447287106.301	1
1447349941.887	0
1447374446.572	1
1447374493.167	1
1447374498.398	1
1447377386.672	0
1447377393.834	0
1447377439.12	0
1447377457.272	0
1447377522.842	0
1447377570.652	0
1447377607.228	0
1447377608.411	0
1447377665.996	0
1447395786.848	1
1447429310.225	1
1447433410.975	1
1447433426.081	1
1447435700.516	1
1447436298.434	1
1447439640.277	1
1447443658.246	1
1447448395.387	1
1447452295.784	1
1447455452.459	1
1447462533.155	1
1447523489.58	1
1447523506.431	1
1447528717.781	1
1447529758.832	1
1447534341.274	0
1447536359.529	1
1447536430.926	1
1447536487.49	1
1447536563.031	1
1447536770.592	1
1447537983.662	1
1447539751.564	1
1447540034.752	1
1447540306.368	1
1447540436.812	1
1447540620.773	1
1447545032.96	1
1447545564.233	1
1447547335.662	1
1447547361.241	1
1447547404.795	1
1447547406.447	1
1447547491.863	1
1447547951.462	1
1447552220.185	1
1447552227.775	1
1447552860.083	1
1447553607.516	1
1447565485.073	1
1447602618.246	1
1447602815.192	1
1447602892.049	1
1447605084.901	1
1447605363.647	1
1447605721.047	1
1447605747.678	1
1447605766.339	1
1447605990.15	1
1447606074.586	1
1447614052.069	1
1447615083.977	1
1447644766.798	1
1447644772.597	1
1447645415.63	1
1447645631.234	1
1447645661.513	1
1447645782.747	1
1447645842.174	1
1447646021.707	1
1447646224.911	1
1447646370.47	1
1447695326.781	1
1447697353.674	1
1447707209.484	1
1447713669.603	1
1447717561.545	1
1447717636.294	1
1447721741.849	1
1447723294.984	0
1447723835.934	0
1447724187.05	0
1447726131.241	1
1447769795.398	0
1447775378.638	0
1447781760.545	1
1447787017.994	0
1447787251.763	0
1447793073.235	1
1447798475.131	0
1447800690.26	1
1447802363.958	1
1447802917.523	1
1447802972.217	1
1447803350.007	1
1447803723.743	1
1447807635.452	1
1447875553.136	1
1447877550.461	1
1447889455.723	1
1447889722.034	1
1447889799.563	1
1447890225.123	1
1447893769.987	1
1447894401.729	1
1447895167.926	1
1447895197.273	1
1447897636.884	1
1447897646.552	1
1447901730.309	1
1447944310.475	1
1447954871.042	1
1447957754.005	1
1447965956.097	1
1447976861.152	1
1447977042.449	1
1447977080.256	1
1447978846.502	1
1447987961.31	1
1448034096.141	1
1448034344.464	1
1448034535.956	1
1448038534.663	1
1448046111.778	1
1448046353.191	1
1448046397.33	1
1448046486.324	1
1448047545.127	1
1448052551.834	1
1448061490.925	1
1448062007.335	1
1448063475.92	1
1448063660.825	1
1448063684.368	1
1448063935.442	1
1448065069.621	1
1448067145.589	1
1448068028.626	1
1448073530.23	1
1448076754.783	1
1448124240.45	1
1448130620.061	1
1448130659.265	1
1448130704.326	1
1448130711.604	1
1448130831.173	1
1448130891.425	1
1448130901.524	1
1448131380.01	1
1448132468.305	1
1448137700.931	1
1448138489.245	1
1448139170.469	1
1448139489.259	1
1448139752.579	1
1448140094.049	1
1448140639.725	1
1448141023.465	1
1448141173.319	1
1448141223.283	1
1448141236.561	1
1448141260.798	1
1448141271.639	1
1448141280.889	1
1448141294.404	1
1448144597.407	1
1448144654.057	1
1448145041.514	1
1448229215.802	0
1448229258.411	0
1448229264.344	0
1448229547.84	1
1448230833.306	1
1448232624.869	0
1448240027.099	1
1448240562.97	1
1448240830.452	0
1448293649.946	1
1448321270.322	1
1448321366.159	1
1448321433.709	1
1448321567.106	1
1448321641.534	1
1448334723.762	1
1448394164.064	1
1448394254.091	1
1448397021.67	1
1448398945.236	1
1448399078.449	1
1448399873.188	1
1448412843.333	1
1448413099.104	1
1448413205.963	1
1448413272.435	1
1448417484.246	1
1448465838.694	1
1448474093.705	1
1448474885.146	1
1448479168.223	1
1448479745.381	1
1448479913.064	1
1448481014.213	1
1448483155.241	1
1448488492.347	1
1448488531.693	1
1448488687.937	1
1448488725.785	1
1448489947.244	1
1448490207.578	1
1448490213.268	1
1448552774.792	1
1448553225.305	1
1448568027.674	0
1448568709.076	1
1448569670.692	1
1448581662.172	1
1448581686.33	1
1448587555.106	1
1448591349.656	1
1448639489.758	1
1448646719.808	1
1448646781.767	1
1448646785.737	1
1448646805.216	1
1448646806.422	1
1448647009.394	1
1448647191.17	1
1448647217.238	1
1448647348.836	1
1448654997.986	1
1448664541.378	1
1448664578.801	1
1448664856.465	1
1448665062.543	1
1448665886.991	1
1448666204.907	1
1448674598.389	1
1448678431.934	1
1448678484.399	1
1448738265.663	1
1448739696.269	1
1448744426.789	0
1448749242.271	1
1448749320.307	1
1448749398.845	1
1448749623.628	1
1448752705.464	1
1448753632.528	1
1448759021.261	1
1448759469.282	1
1448759572.922	1
1448760098.885	1
1448762044.65	1
1448762114.979	1
1448764233.298	1
1448764271.757	1
1448772681.18	1
1448776855.383	0
1448780527.517	1
1448813606.169	1
1448819262.075	1
1448822756.812	1
1448823539.835	1
1448825131.731	1
1448825563.408	1
1448829381.712	1
1448831231.56	1
1448833397.299	1
1448833641.717	1
1448834198.142	1
1448834426.711	1
1448835061.708	1
1448844652.696	0
1448896848.739	1
1448899028.435	1
1448903860.596	1
1448904691.169	1
1448911523.862	1
1448911672.287	1
1448911757.318	1
1448911910.202	1
1448912153.397	1
1448912322.651	1
1448912478.802	1
1448912516.94	1
1448913245.243	1
1448913648.856	0
1448921949.88	1
1448926006.703	1
1448926162.222	1
1448926215.995	1
1448927779.7	1
1448927797.265	1
1448927980.532	1
1448992930.705	1
1448993251.235	1
1448997962.95	1
1448998536.267	1
1449002430.995	1
1449002516.87	1
1449015296.443	1
1449015523.876	1
1449015587.925	1
1449015655.614	1
1449015879.952	1
1449016334.336	1
1449022935.507	0
1449023942.237	0
1449024293.748	0
1449024343.305	0
1449083767.364	1
1449084605.651	1
1449086152.837	1
1449097205.863	1
1449097963.519	1
1449101975.039	1
1449102455.011	1
1449102502.412	1
1449102591.064	1
1449102658.719	1
1449102720.668	0
1449102731.024	0
1449102735.838	0
1449102741.541	1
1449102773.791	0
1449121251.675	0
1449157531.594	1
1449158643.719	0
1449158807.807	0
1449161044.031	1
1449161110.81	0
1449161460.028	1
1449161737.633	1
1449162409.044	0
1449163647.335	0
1449171456.654	1
1449171687.232	0
1449171779.361	0
1449171802.46	0
1449171812.223	0
1449240664.79	1
1449240676.051	1
1449251326.325	1
1449251585.917	1
1449255439.121	1
1449266565.497	1
1449271587.054	1
1449271901.521	1
1449271987.46	1
1449272060.454	1
1449272119.279	1
1449272495.304	1
1449272536.162	1
1449272781.844	1
1449272883.511	1
1449272930.832	1
1449273092.042	1
1449273169.255	1
1449273257.319	1
1449273704.54	1
1449273740.331	1
1449274643.444	1
1449274651.8	1
1449274744.251	1
1449276515.021	1
1449276540.338	1
1449278140.108	1
1449280101.442	1
1449283379.315	1
1449283739.041	1
1449287592.559	1
1449288789.753	0
1449290609.015	0
1449365327.373	1
1449373941.107	1
1449373999.601	1
1449374059.564	1
1449374129.901	1
1449374202.862	1
1449374208.812	1
1449374223.341	1
1449442361.788	1
1449444197.32	1
1449444709.338	1
1449444727.922	1
1449444767.809	1
1449449178.935	1
1449449324.244	1
1449449364.637	1
1449449452.026	1
1449449471.408	1
1449449516.606	1
1449449861.766	1
1449451725.046	1
1449451778.637	1
1449451913.147	1
1449452257.344	1
1449452435.368	1
1449455950.211	1
1449466012.402	1
1449503168.296	0
1449506889.568	1
1449511538.634	1
1449512608.955	1
1449553427.459	1
1449595264.856	1
1449595351.375	1
1449598341.6	1
1449602031.883	1
1449602134.655	1
1449602284.023	1
1449602474.589	1
1449603080.656	1
1449631856.951	1
1449672790.078	1
1449672813.986	1
1449672970.709	1
1449673621.955	1
1449674257.126	1
1449674797.789	1
1449675194.211	1
1449689729.895	1
1449691413.7	1
1449694211.311	1
1449703096.3	1
1449707604.322	1
1449759550.357	1
1449768573.133	1
1449768595.73	1
1449768920.268	1
1449768954.354	1
1449778945.404	1
1449785027.309	1
1449790432.061	1
1449790775.014	1
1449790842.24	1
1449791793.951	1
1449797258.102	1
1449797689.536	1
1449801072.572	0
1449803251.083	1
1449805616.611	1
1449806502.141	1
1449808093.198	1
1449808408.013	1
1449810370.269	1
1449810397.248	1
1449843166.607	1
1449866657.563	1
1449873838.134	1
1449873874.014	1
1449874153.108	1
1449875080.342	1
1449876406.448	1
1449876433.952	1
1449876493.088	1
1449876500.278	1
1449877032.757	1
1449877100.9	1
1449877322.311	1
1449877346.566	1
1449877434.118	1
1449877515.662	1
1449877933.81	1
1449877940.942	1
1449878004.879	1
1449878069.484	1
1449878366.584	1
1449878944.763	1
1449892292.996	1
1449893752.289	1
1449938294.675	1
1449938304.397	1
1449939775.174	1
1449940379.382	1
1449944936.465	1
1449947288.753	1
1449951658.681	1
1449953982.894	1
1449977766.941	1
1449977821.118	1
1450024523.602	1
1450028599.023	1
1450032275.644	1
1450032314.609	1
1450032405.057	1
1450032463.33	1
1450033945.501	1
1450036747.844	1
1450037061.815	1
1450037064.103	1
1450039861.767	0
1450040133.955	1
1450044174.09	1
1450045182.425	1
1450046383.222	1
1450047712.139	1
1450047871.206	1
1450048018.915	1
1450048823.894	1
1450049867.311	1
1450050051.437	1
1450057137.75	1
1450057205.308	1
1450057212.431	1
1450057429.343	1
1450057856.824	1
1450057907.509	1
1450059047.408	1
1450059190.957	1
1450108566.723	1
1450108697.953	1
1450157114.465	0
1450157139.158	1
1450157145.088	0
1450157147.381	1
1450157151.143	1
1450158091.436	0
1450285058.041	0
1450378044.96	0
1450396981.606	1
1450397011.661	0
1450397115.943	1
1450397161.419	0
1450397186.386	1
1450467328.901	0
1450467415.081	0
1450467524.061	0
1450561602.966	1
1450629948.447	1
1450634423.251	1
1450634449.885	1
1450635085.381	0
1450635194.393	1
1450709978.461	0
1450712470.353	1
1450712535.049	0
1450712583.333	1
1450714843.828	1
1450714893.603	1
1450721605.962	1
1450724254.17	1
1450730136.531	0
1450730369.788	0
1450730490.31	1
1450730871.666	0
1450731413.206	0
1450731446.441	1
1450741497.372	0
1450741515.757	1
1450741524.416	0
1450741544.269	1
1450745258.464	0
1450745302.444	1
1450745616.033	1
1450752111.709	1
1450752413.666	1
1450752443.705	1
1450755096.32	0
1450765646.273	0
1450803413.002	0
1450808373.089	1
1450813670.489	0
1450813734.081	1
1450813764.69	0
1450813785.624	1
1450813842.598	0
1450813874.541	1
1450813953.905	0
1450814025.641	1
1450818434.865	0
1450821362.367	0
1450829717.369	1
1450837571.139	0
1450844295.347	0
1450844351.826	1
1450893839.965	1
1450893900.136	1
1450894349.715	0
1450894402.665	1
1450894422.489	1
1450894470.625	0
1450894639.498	0
1450894700.926	1
1450894704.799	1
1450894717.92	1
1450894899.37	0
1450894926.16	1
1450894940.548	1
1450895121.52	0
1450895176.785	0
1450895210.227	1
1450895226.664	0
1450895258.94	1
1450896138.407	1
1450902632.849	1
1450918254.332	1
1450918262.151	1
1450920690.022	1
1450920691.315	1
1450921086.532	0
1450921200.556	1
1450921238.239	1
1450921421.335	0
1450921558.744	1
1450921595.176	1
1450921634.989	1
1450925895.64	0
1450927628.978	0
1450927915.231	0
1450930407.78	0
1450930562.47	0
1450930648.646	0
1450930814.837	0
1450973138.468	0
1450973729.444	0
1450974187.366	0
1450978032.78	0
1450978097.007	0
1450978187.966	0
1450978242.553	0
1450986094.863	0
1450986118.099	1
1450986193.227	0
1450986250.492	1
1450986318.6	0
1450986336.068	0
1450986637.231	0
1450986663.564	1
1450986671.966	1
1450992253.373	1
1450994755.786	0
1450995609.866	1
1450995840.485	0
1450997345.16	1
1450998593.375	0
1451001489.733	1
1451024118.206	0
1451024222.724	0
1451093499.839	0
1451093936.246	0
1451094011.685	0
1451097767.796	0
1451098862.314	0
1451099095.812	1
1451099533.273	0
1451100588.511	1
1451102418.687	0
1451103075.042	0
1451105915.656	0
1451106050.635	1
1451146356.559	0
1451146419.693	1
1451146441.259	0
1451153727.851	0
1451153742.568	1
1451155016.296	0
1451156185.667	0
1451156872.771	1
1451161332.498	1
1451162481.614	0
1451162538.235	0
1451162562.2	1
1451163209.917	1
1451164426.761	0
1451164514.058	1
1451164910.614	0
1451170278.151	0
1451234954.253	0
1451234979.23	0
1451237678.185	1
1451242639.433	1
1451247381.856	0
1451247425.257	1
1451247492.568	0
1451247530.259	1
1451247596.33	0
1451247647.342	1
1451247653.597	1
1451247684.148	0
1451247707.009	0
1451247732.666	1
1451247817.721	1
1451247844.637	0
1451247859.423	1
1451247874.803	1
1451247874.915	0
1451247903.949	1
1451248406.874	0
1451248416.528	1
1451248447.937	1
1451248471.982	0
1451248504.088	1
1451249168.968	0
1451249184.395	1
1451252172.557	1
1451252359.892	1
1451252943.548	0
1451252964.929	1
1451253203.674	0
1451253276.007	1
1451253540.419	0
1451253581.576	1
1451253780.19	1
1451254005.449	1
1451333509.117	1
1451346473.69	0
1451346488.903	1
1451346567.857	1
1451347218.88	0
1451347269.034	1
1451403139.256	0
1451404589.159	1
1451405044.779	1
1451408881.791	0
1451408922.2	0
1451409026.798	1
1451409231.18	0
1451409257.795	1
1451409291.758	0
1451409305.936	1
1451409323.917	1
1451409363.717	0
1451415775.247	1
1451433245.362	0
1451433279.314	1
1451441012.131	1
1451441749.48	1
1451442734.629	0
1451488245.475	1
1451488337.023	1
1451490173.715	1
1451493724.758	0
1451493766.642	1
1451494041.56	0
1451494294.984	0
1451494342.886	1
1451494646.043	0
1451495373.009	1
1451498081.786	0
1451498103.269	1
1451499809.108	1
1451505440.885	0
1451505484.431	1
1451506879.683	0
1451506917.25	1
1451509977.939	1
1451512381.26	0
1451513010.825	1
1451518480.247	0
1451518533.315	1
1451519105.953	0
1451519174.607	1
1451519570.802	0
1451519657.099	1
1451519967.713	0
1451520160.769	1
1451523462.73	0
1451523762.462	0
1451524211.98	1
1451524305.382	0
1451524321.531	0
1451524430.057	0
1451524467.755	0
1451524514.091	0
1451524675.43	0
1451524759.898	0
1451526475.792	0
1451526605.465	0
1451526650.024	0
1451526953.82	0
1451527225.151	1
1451527297.715	0
1451527315.046	0
1451527342.884	1
1451527354.564	0
1451527733.395	0
1451527761.178	0
1451527808.833	1
1451529891.213	1
1451532643.432	0
1451586051.709	1
1451586067.915	1
1451586589.995	0
1451586596.687	0
1451586743.904	1
1451586772.768	1
1451587148.318	0
1451587165.321	1
1451587300.547	0
1451587356.931	1
1451587372.371	0
1451587372.41	1
1451587377.894	1
1451587396.194	1
1451587402.193	0
1451587441.458	1
1451587460.531	1
1451588753.639	0
1451592768.791	0
1451592870.58	1
1451593418.289	0
1451594072.396	0
1451594129.638	0
1451594153.284	0
1451594420.585	0
1451595183.641	1
1451595233.839	1
1451595378.305	1
1451601806.441	0
1451601825.665	1
1451601938.676	0
1451601962.753	1
1451601973.262	0
1451602039.474	1
1451602628.006	0
1451602647.72	1
1451602659.08	1
1451602781.022	0
1451602840.271	1
1451603996.846	0
1451604338.454	1
1451615655.942	1
1451664524.692	1
1451667094.168	0
1451667541.188	1
1451668007.129	1
1451670607.067	1
1451671026.801	0
1451673416.516	0
1451675514.404	1
1451675554.937	0
1451682398.027	0
1451682400.093	0
1451685484.185	0
1451685512.092	0
1451685547.508	0
1451685549.149	1
1451685588.54	0
1451685620.576	0
1451685637.772	1
1451686401.843	0
1451689654.874	0
1451689672.498	0
1451689736.096	1
1451689818.585	0
1451689905.411	1
1451689941.286	0
1451689997.943	1
1451690024.271	0
1451690138.798	1
1451690194.943	0
1451690215.725	0
1451690317.17	1
1451690418.627	0
1451690440.206	1
1451691040.817	0
1451694082.279	0
1451694101.597	1
1451694118.299	0
1451694196.946	1
1451694311.313	0
1451694337.818	1
1451694375.826	0
1451694415.911	1
1451695258.052	0
1451696630.839	0
1451696656.38	1
1451709374.327	0
1451709399.94	1
1451752884.439	0
1451754522.659	1
1451755558.271	0
1451755586.632	1
1451755620.038	0
1451755625.211	0
1451755654.636	1
1451755670.428	1
1451755931.22	0
1451755975.969	0
1451755988.858	0
1451756784.327	1
1451758308.632	0
1451758335.468	0
1451758353.646	0
1451758380.939	0
1451758419.65	0
1451758422.944	0
1451758440.546	0
1451758517.028	0
1451758553.949	0
1451758661.214	0
1451758739.993	0
1451761246.387	1
1451761914.466	0
1451762262.729	1
1451762776.685	0
1451762815.011	1
1451763928.595	0
1451763979.103	1
1451764009.777	1
1451766052.675	0
1451766073.147	1
1451766550.995	0
1451766592.102	1
1451766644.05	1
1451766649.728	1
1451766928.786	0
1451766972.175	1
1451767294.008	0
1451771861.846	0
1451783106.867	0
1451783200.596	1
1451783261.471	0
1451786578.172	1
1451786593.333	0
1451786609.296	1
1451786633.612	0
1451786657.59	1
1451786664.878	1
1451786821.371	0
1451786856.996	1
1451787512.377	0
1451787807.467	1
1451787887.915	1
1451787897.304	1
1451787897.949	1
1451797821.841	0
1451798753.635	1
1451801510.56	0
1451841184.92	0
1451841205.637	1
1451841217.96	1
1451841223.604	0
1451841243.807	1
1451842346.194	1
1451842713.826	0
1451843695.293	1
1451843982.588	1
1451844249.052	1
1451844661.515	0
1451844697.546	1
1451844727.675	0
1451844741.169	0
1451844794.76	1
1451844866.468	1
1451844999.731	0
1451845016.475	0
1451845080.222	1
1451845095.408	0
1451845466.849	1
1451845562.748	1
1451853388.592	1
1451853407.515	0
1451853462.823	1
1451853670.31	1
1451853695.551	0
1451860976.233	1
1451861838.316	0
1451861839.878	1
1451861867.18	1
1451861895.265	1
1451864357.527	1
1451924768.662	0
1451932829.787	0
1451939949.2	1
1451942288.154	0
1451942301.967	0
1451947345.571	1
1451948261.531	1
1451949140.385	1
1451950205.627	1
1451958788.554	1
1451958822.91	0
1451958862.8	1
1451958881.377	1
1451958917.355	0
1451958953.365	1
1451958968.965	0
1451958977.634	0
1451959038.283	1
1451959499.765	0
1451960015.934	1
1451961096.871	1
1451962531.652	0
1451964147.602	0
1451964229.797	1
1451966177.555	1
1451966707.992	1
1451967461.036	0
1452010798.235	1
1452013463.405	1
1452013497.72	1
1452022703.304	1
1452023989.454	0
1452024480.514	1
1452024484.021	1
1452024526.533	0
1452024603.842	1
1452024674.482	0
1452024803.98	1
1452024969.434	0
1452025046.328	0
1452025189.51	1
1452025246.223	1
1452025527.871	0
1452025654.586	1
1452033881.706	1
1452034157.399	0
1452034213.464	1
1452034245.925	0
1452034822.805	1
1452036847.48	0
1452036992.707	1
1452037538.691	1
1452037794.359	1
1452038311.681	0
1452038445.495	1
1452038446.054	1
1452038446.698	1
1452038459.201	1
1452038513.413	1
1452038574.08	0
1452038614.02	1
1452038742.541	0
1452038774.328	0
1452038810.198	1
1452038835.516	0
1452038911.594	1
1452038996.199	0
1452041850.145	1
1452046452.652	0
1452050871.706	1
1452092191.467	0
1452092218.407	0
1452092219.66	0
1452100834.449	0
1452101256.312	1
1452102613.017	1
1452112089.603	1
1452113548.101	0
1452113557.745	0
1452113603.577	1
1452115237.006	0
1452118804.378	1
1452119047.786	1
1452119447.095	1
1452119543.55	1
1452120472.268	1
1452120531.372	0
1452120855.841	1
1452120888.396	1
1452120934.171	0
1452120967.545	1
1452121167.43	1
1452123148.317	0
1452123167.497	1
1452123171.919	1
1452123176.798	0
1452123326.024	0
1452123354.446	1
1452123377.263	0
1452123404.574	1
1452123412.311	1
1452123419.321	0
1452123425.321	1
1452123439.692	0
1452123479.327	1
1452123534.117	0
1452123665.917	1
1452123698.633	0
1452123788.631	1
1452123827.528	0
1452124840.407	0
1452124995.283	1
1452125005.272	0
1452125012.489	1
1452127948.672	0
1452127963.879	1
1452178151.536	1
1452179732.436	1
1452185599.799	0
1452185644.293	1
1452185718.428	0
1452185786.446	1
1452186010.226	0
1452186036.216	0
1452186065.302	0
1452186522.232	1
1452186545.746	0
1452187695.48	0
1452187732.344	1
1452187782.714	1
1452187820.854	0
1452187899.816	1
1452187915.228	1
1452187920.761	0
1452187935.757	1
1452187999.487	1
1452188000.641	1
1452188056.646	0
1452188073.832	1
1452188082.886	1
1452188084.405	1
1452188087.259	0
1452188103.918	1
1452188114.278	0
1452188139.942	1
1452188217.281	1
1452188233.292	0
1452188255.778	0
1452188263.594	0
1452188415.966	1
1452190980.801	0
1452191156.144	1
1452192608.828	1
1452199507.541	1
1452215300.118	1
1452220005.399	0
1452220355.109	1
1452222023.747	1
1452222926.274	1
1452226148.831	0
1452266868.06	1
1452274850.795	0
1452274890.365	1
1452274949.575	0
1452274982.851	1
1452287272.227	0
1452287488.746	1
1452287562.568	1
1452287701.8	0
1452287732.027	0
1452287787.224	1
1452289386.354	0
1452290101.734	0
1452290628.809	0
1452290662.503	1
1452293194.463	1
1452293464.615	1
1452304544.49	0
1452304556.791	1
1452304770.085	0
1452304808.206	1
1452304933.461	0
1452304963.259	1
1452305179.592	0
1452305198.851	1
1452305215.303	0
1452305230.183	1
1452305253.669	0
1452305270.878	1
1452305415.523	1
1452305448.605	0
1452305459.666	0
1452305501.372	1
1452305624.09	1
1452305836.87	1
1452305990.228	0
1452306024.514	0
1452306036.585	0
1452306191.367	1
1452306969.769	1
1452309962.975	1
1452311246.629	0
1452311795.218	1
1452313767.718	1
1452314469.133	1
1452360269.812	0
1452360297.399	0
1452360301.608	1
1452360314.329	0
1452360318.933	1
1452360326.769	1
1452360332.217	1
1452360340.453	1
1452360347.359	0
1452360349.807	0
1452360399.203	1
1452360438.461	0
1452360453.13	1
1452360461.651	1
1452360611.449	1
1452360621.669	1
1452360744.406	1
1452360982.56	0
1452360998.772	0
1452361003.737	1
1452361007.291	1
1452361032.272	0
1452361103.971	1
1452361469.529	0
1452361491.273	1
1452361493.527	1
1452362084.518	1
1452362144.044	1
1452368254.547	1
1452368264.331	0
1452368732.249	0
1452369970.756	1
1452372569.544	1
1452373132.374	0
1452373148.15	1
1452373187.072	1
1452374285.939	0
1452380119.015	0
1452380149.947	1
1452380168.185	0
1452380217.804	1
1452381358.905	0
1452381400.535	1
1452381411.378	0
1452381438.806	1
1452383131.057	1
1452408151.522	1
1452408733.349	0
1452408803.221	0
1452412176.755	1
1452444159.624	0
1452444239.496	0
1452444256.735	0
1452444303.615	0
1452444311.554	0
1452444344.081	0
1452444361.189	0
1452444383.116	0
1452444392.727	0
1452444396.656	0
1452450437.0	1
1452451549.203	0
1452451574.705	1
1452452401.569	0
1452452433.463	1
1452456476.584	1
1452456989.967	1
1452459195.434	0
1452459215.617	1
1452459534.652	1
1452459535.532	1
1452460928.002	0
1452460953.991	1
1452460965.263	0
1452461185.469	1
1452461210.304	0
1452461240.284	1
1452461250.91	1
1452461291.485	0
1452461319.086	0
1452461324.428	1
1452461454.145	0
1452462075.555	1
1452462085.885	1
1452462149.296	0
1452462173.614	1
1452462193.227	0
1452462226.65	1
1452462314.863	0
1452462337.508	1
1452466857.283	0
1452466939.501	1
1452466969.888	0
1452467616.633	0
1452469128.218	1
1452471153.273	0
1452471448.931	1
1452471470.715	0
1452471690.401	0
1452471836.68	1
1452534465.065	1
1452535030.854	1
1452536757.384	1
1452536843.094	1
1452540823.936	1
1452542121.092	0
1452542141.418	0
1452542160.4	1
1452542322.335	0
1452542342.714	0
1452542452.31	0
1452542458.725	0
1452542630.678	0
1452542949.77	0
1452543020.368	1
1452552893.636	1
1452553705.263	0
1452553733.175	1
1452553761.735	0
1452553796.455	1
1452553817.227	0
1452553844.878	1
1452553911.881	0
1452553937.186	1
1452553948.393	0
1452553986.747	1
1452555187.22	1
1452556085.577	0
1452556116.732	1
1452556179.36	1
1452556227.143	1
1452556900.433	1
1452556931.385	1
1452558919.574	0
1452558948.099	1
1452559056.448	0
1452559101.748	0
1452559170.699	1
1452559216.277	0
1452559310.328	1
1452559408.466	0
1452559463.479	0
1452559583.495	1
1452559585.619	1
1452559587.504	1
1452559588.397	1
1452559643.043	1
1452559644.25	1
1452559652.31	1
1452559708.522	0
1452559790.348	1
1452559792.337	1
1452559840.299	0
1452559861.979	1
1452559863.663	1
1452560948.853	1
1452560965.418	1
1452560988.191	1
1452561477.294	0
1452561481.383	0
1452561498.604	1
1452561595.942	1
1452561597.729	1
1452561598.508	1
1452561617.929	0
1452561634.362	0
1452561653.269	1
1452561738.642	1
1452561742.008	1
1452561751.364	0
1452561858.309	1
1452609681.144	0
1452609722.767	1
1452609753.032	1
1452609767.27	1
1452610482.607	1
1452610574.229	0
1452610591.841	0
1452610631.938	1
1452613221.81	1
1452620035.06	1
1452621001.903	0
1452621294.344	0
1452621326.41	1
1452621347.428	0
1452621362.718	0
1452621408.547	1
1452621409.197	1
1452621419.831	1
1452624983.135	0
1452625097.635	1
1452630789.536	1
1452636325.087	0
1452636448.349	0
1452639383.546	1
1452639385.095	1
1452641184.181	0
1452641231.344	1
1452641734.778	0
1452641736.092	0
1452642046.748	1
1452654629.107	1
1452662434.712	1
1452696535.457	0
1452698023.104	0
1452698324.125	0
1452698687.703	1
1452698715.842	0
1452698721.094	0
1452698788.667	1
1452698795.116	0
1452698883.43	1
1452698965.597	0
1452699014.131	1
1452699042.014	1
1452699088.703	0
1452699185.451	1
1452699205.912	0
1452699332.21	1
1452699466.128	0
1452699489.827	1
1452701121.707	0
1452701396.378	0
1452708393.891	0
1452708475.887	1
1452708704.519	0
1452708983.83	1
1452709050.394	0
1452709112.809	0
1452709173.1	1
1452714236.816	1
1452715267.674	1
1452716558.786	0
1452717442.13	0
1452717484.9	1
1452717489.683	1
1452717494.871	0
1452717511.042	1
1452717530.478	1
1452717534.186	1
1452718475.113	0
1452718616.535	0
1452718756.388	1
1452718855.796	0
1452718895.848	1
1452724261.99	1
1452725043.594	1
1452725099.254	0
1452725777.322	0
1452726613.414	1
1452726622.23	0
1452730091.283	1
1452730237.267	0
1452730505.225	1
1452731203.332	0
1452731246.717	1
1452783451.722	0
1452798942.776	0
1452799098.176	0
1452799142.946	0
1452799630.775	0
1452800402.766	1
1452802628.339	1
1452802655.284	0
1452802670.66	1
1452802802.7	1
1452803014.621	0
1452809908.377	1
1452810214.748	0
1452811524.295	1
1452811544.884	0
1452812075.862	1
1452812179.529	1
1452876265.266	0
1452889442.016	0
1452890619.919	1
1452891463.821	0
1452894412.531	1
1452911888.604	1
1452912706.647	0
1452914508.684	1
1452914623.885	1
1452917236.349	1
1452960139.28	0
1452964384.453	1
1452966814.425	0
1452967361.728	1
1452967939.905	0
1452967960.664	1
1452967983.734	1
1452968008.339	0
1452968025.28	0
1452968076.331	1
1452968216.183	1
1452968300.442	0
1452968367.368	0
1452968590.501	1
1452968604.952	0
1452968654.49	1
1452968717.061	0
1452968815.762	1
1452968842.836	0
1452968905.397	1
1452968930.702	0
1452968997.551	1
1452969029.681	0
1452969065.392	1
1452969487.486	1
1452969502.93	0
1452969732.202	1
1452970938.731	0
1452973243.244	1
1452974034.874	0
1452974295.414	1
1452974310.892	1
1452974322.268	1
1452974327.699	1
1452974328.137	1
1452974390.18	1
1452974435.783	0
1452974497.59	1
1452974535.969	1
1452974575.932	0
1452974594.918	1
1452975939.4	0
1452977534.982	0
1452978631.252	0
1452978665.234	1
1452978685.108	0
1452978716.413	1
1452978757.422	0
1452978786.047	1
1452978787.638	1
1452978802.898	0
1452979106.831	1
1452979108.342	1
1452979133.796	0
1452979143.07	0
1452979181.12	1
1452979184.803	1
1452979740.42	1
1452979925.136	1
1452979980.525	0
1452980008.105	1
1452980013.317	1
1452980020.623	0
1452980025.194	0
1452980157.649	1
1452980325.757	0
1452980567.616	1
1452980985.595	0
1452981041.681	1
1452981364.755	1
1452984456.071	1
1452995599.606	1
1453008399.188	0
1453008422.28	1
1453012396.299	0
1453012467.614	0
1453012503.331	1
1453012683.545	0
1453012728.229	1
1453012750.028	1
1453013992.203	0
1453014134.735	1
1453014157.387	0
1453014193.663	1
1453014282.059	0
1453014311.867	1
1453049187.958	0
1453049253.75	1
1453052489.27	0
1453052527.378	1
1453052548.565	1
1453063949.162	0
1453064077.061	0
1453064165.564	0
1453064190.584	0
1453064196.62	0
1453064211.852	0
1453064244.746	0
1453075898.769	0
1453076128.168	0
1453076434.112	0
1453076679.004	0
1453078681.741	0
1453078710.604	0
1453085832.967	1
1453085879.79	1
1453096811.952	1
1453098755.317	1
1453098768.865	0
1453098830.877	1
1453098831.953	1
1453098855.576	0
1453099255.82	1
1453099257.07	1
1453135062.061	1
1453144764.607	0
1453145194.679	1
1453147071.381	1
1453147202.14	0
1453149226.41	0
1453149237.03	0
1453153870.815	0
1453155865.217	0
1453156017.818	1
1453156031.064	0
1453161382.517	0
1453164115.017	0
1453164400.478	0
1453164426.157	0
1453164459.496	0
1453165497.366	0
1453170143.728	1
1453175259.912	1
1453175332.918	0
1453175447.992	1
1453218528.323	0
1453230045.699	1
1453234858.495	1
1453243805.379	1
1453247669.931	0
1453247769.469	1
1453254315.322	0
1453254338.147	1
1453254910.797	0
1453254973.009	1
1453254989.911	0
1453255003.738	1
1453264531.943	1
1453501792.064	0
1453501955.746	1
1453502182.409	0
1453571769.519	1
