1450199094.127	1
1450199197.195	1
1450212991.423	1
1450212993.123	1
1450214545.311	1
1450217013.36	1
1450221296.973	1
1450221296.973	1
1450222814.507	1
1450223403.937	1
1450227254.943	1
1450227280.774	1
1450229583.882	1
1450231273.738	1
1450233480.799	1
1450237260.664	1
1450237336.293	1
1450272164.244	1
1450272247.889	1
1450273426.831	1
1450275174.495	1
1450277788.307	1
1450277889.257	1
1450277917.0	1
1450277936.511	1
1450277943.959	1
1450278093.028	1
1450278632.0	1
1450279634.887	1
1450280528.463	1
1450280611.797	1
1450280707.422	1
1450280745.0	1
1450280800.019	1
1450280811.677	1
1450280818.727	1
1450280835.987	1
1450280956.78	1
1450280999.0	1
1450281016.836	1
1450281031.879	1
1450281040.0	1
1450281107.995	1
1450281402.0	1
1450281483.644	1
1450283644.696	1
1450283685.0	1
1450283766.017	1
1450283780.04	1
1450283812.0	1
1450283924.963	1
1450283943.0	1
1450290694.197	1
1450300758.914	1
1450301437.005	1
1450301538.13	1
1450301592.133	1
1450304924.487	1
1450304957.0	1
1450304988.412	1
1450305409.683	1
1450305425.0	1
1450307743.523	1
1450308332.0	1
1450308364.518	1
1450308380.0	1
1450308404.929	1
1450308420.0	1
1450308435.605	1
1450308445.0	1
1450308592.0	1
1450308619.31	1
1450308746.0	1
1450308765.277	1
1450308778.0	1
1450308812.0	1
1450308971.08	1
1450309048.0	1
1450309080.718	1
1450309093.0	1
1450309122.0	1
1450309151.0	1
1450310104.676	1
1450310117.0	1
1450310182.918	1
1450310183.0	1
1450310197.0	1
1450310197.819	1
1450310270.0	1
1450310285.131	1
1450310418.0	1
1450310470.904	1
1450367773.852	1
1450368746.0	1
1450368777.0	1
1450368800.0	1
1450368809.838	1
1450372441.098	1
1450372849.0	1
1450372907.633	1
1450372948.0	1
1450372977.509	1
1450372986.0	1
1450372993.502	1
1450373169.246	1
1450373294.283	1
1450373315.0	1
1450373369.913	1
1450373397.0	1
1450373412.951	1
1450373416.635	1
1450384041.461	1
1450385926.802	1
1450388303.683	1
1450388488.787	1
1450388906.089	1
1450389093.628	1
1450390478.87	1
1450391967.0	1
1450391997.173	1
1450392000.975	1
1450392014.0	1
1450392033.953	1
1450392931.869	1
1450393019.0	1
1450394813.265	1
1450394824.681	1
1450394891.0	1
1450394925.308	1
1450395057.0	1
1450400675.0	1
1450400696.219	1
1450400719.0	1
1450400732.0	1
1450400949.657	1
1450401122.0	1
1450401350.052	1
1450401424.196	1
1450401470.0	1
1450401761.597	1
1450401807.107	1
1450402145.0	1
1450402336.302	1
1450402360.53	1
1450402365.463	1
1450402370.0	1
1450402380.156	1
1450402403.0	1
1450402416.091	1
1450402427.0	1
1450402439.186	1
1450402466.0	1
1450402586.782	1
1450402624.0	1
1450402729.032	1
1450445594.903	1
1450445753.0	1
1450446520.636	1
1450446792.0	1
1450446792.0	1
1450446805.134	1
1450446805.134	1
1450446830.0	1
1450446830.0	1
1450446850.432	1
1450446850.432	1
1450446861.138	1
1450446861.138	1
1450446876.0	1
1450446876.0	1
1450446917.0	1
1450446917.0	1
1450446968.351	1
1450447002.0	1
1450447107.342	1
1450447119.0	1
1450448652.554	1
1450449376.395	1
1450449397.0	1
1450449409.0	1
1450449507.814	1
1450449744.0	1
1450449796.353	1
1450449838.322	1
1450450102.803	1
1450450169.0	1
1450450231.0	1
1450450265.881	1
1450450485.8	1
1450450527.0	1
1450450607.205	1
1450450714.0	1
1450450729.494	1
1450450793.301	1
1450451155.075	1
1450451524.614	1
1450452728.171	1
1450453445.949	1
1450453471.901	1
1450453624.0	1
1450454551.427	1
1450454656.0	1
1450454951.648	1
1450454957.166	1
1450456619.574	1
1450456699.0	1
1450456816.455	1
1450457169.624	1
1450457193.0	1
1450457426.0	1
1450457459.547	1
1450457754.494	1
1450457978.427	1
1450458157.0	1
1450458290.0	1
1450458297.589	1
1450458303.0	1
1450458319.449	1
1450458329.0	1
1450458474.0	1
1450458481.201	1
1450458485.0	1
1450463606.256	1
1450468657.231	1
1450468664.594	1
1450468905.0	1
1450469178.99	1
1450469198.987	1
1450469247.0	1
1450470183.518	1
1450470356.126	1
1450470954.0	1
1450470980.355	1
1450471213.906	1
1450472249.0	1
1450472520.777	1
1450472570.0	1
1450473341.984	1
1450473356.686	1
1450473717.0	1
1450474062.0	1
1450474630.643	1
1450474632.524	1
1450474700.704	1
1450474709.091	1
1450474731.0	1
1450474742.19	1
1450474753.87	1
1450474766.048	1
1450474798.0	1
1450474890.548	1
1450474933.539	1
1450475034.254	1
1450475091.92	1
1450475102.335	1
1450475635.0	1
1450476478.215	1
1450476481.238	1
1450476483.588	1
1450476523.0	1
1450476655.294	1
1450477392.0	1
1450477405.0	1
1450477504.788	1
1450477558.184	1
1450477723.0	1
1450477757.0	1
1450477768.421	1
1450478422.0	1
1450478441.0	1
1450478527.071	1
1450478595.763	1
1450478611.0	1
1450478641.153	1
1450478648.0	1
1450478674.539	1
1450478684.0	1
1450478710.067	1
1450478722.511	1
1450478733.0	1
1450478816.872	1
1450479125.0	1
1450479569.513	1
1450479583.0	1
1450479593.461	1
1450479628.638	1
1450479868.0	1
1450481176.353	1
1450482309.981	1
1450482319.0	1
1450482333.785	1
1450483938.251	1
1450483938.251	1
1450484104.0	1
1450484104.0	1
1450484123.0	1
1450484288.224	1
1450486033.0	1
1450486051.0	1
1450486136.56	1
1450486147.834	1
1450486148.0	1
1450486158.0	1
1450486177.0	1
1450486209.562	1
1450486225.0	1
1450486345.862	1
1450486351.342	1
1450486370.0	1
1450486450.457	1
1450486492.0	1
1450486554.0	1
1450486600.051	1
1450486638.649	1
1450486675.0	1
1450486961.959	1
1450487014.0	1
1450487026.0	1
1450487050.0	1
1450487072.505	1
1450487247.305	1
1450487268.0	1
1450487289.007	1
1450487297.0	1
1450487371.0	1
1450487386.317	1
1450488445.597	1
1450488577.637	1
1450501310.72	1
1450501600.921	1
1450501730.306	1
1450537441.879	1
1450538385.0	1
1450541765.803	1
1450542044.488	1
1450542796.669	1
1450543138.997	1
1450543462.557	1
1450543705.825	1
1450543822.0	1
1450543909.261	1
1450544427.602	1
1450546725.0	1
1450546732.635	1
1450546774.835	1
1450546805.0	1
1450546854.678	1
1450546919.0	1
1450548515.1	1
1450548790.0	1
1450548827.84	1
1450548839.0	1
1450549025.48	1
1450552081.496	1
1450552115.0	1
1450552138.903	1
1450552219.885	1
1450553190.574	1
1450553198.657	1
1450553222.516	1
1450553267.0	1
1450553293.592	1
1450553308.0	1
1450553482.182	1
1450553504.0	1
1450553534.0	1
1450553626.018	1
1450554896.573	1
1450558645.257	1
1450562274.839	1
1450563742.197	1
1450563998.0	1
1450565892.201	1
1450566202.0	1
1450566258.988	1
1450567038.0	1
1450567314.779	1
1450567357.0	1
1450567381.512	1
1450567386.0	1
1450567403.682	1
1450567420.795	1
1450567461.0	1
1450567480.878	1
1450567500.0	1
1450567527.999	1
1450567543.0	1
1450567575.735	1
1450567649.626	1
1450567672.0	1
1450567696.685	1
1450567712.0	1
1450567717.0	1
1450567734.0	1
1450567747.0	1
1450567785.0	1
1450567843.0	1
1450567873.585	1
1450567951.949	1
1450567953.96	1
1450568752.0	1
1450568764.0	1
1450568840.0	1
1450568885.254	1
1450569035.851	1
1450569046.8	1
1450570120.0	1
1450570229.762	1
1450570245.719	1
1450570378.0	1
1450570411.508	1
1450570455.622	1
1450570551.0	1
1450570726.546	1
1450570975.0	1
1450571002.0	1
1450571200.328	1
1450571525.0	1
1450571557.0	1
1450571583.963	1
1450571591.357	1
1450571592.0	1
1450571601.0	1
1450572766.0	1
1450572899.0	1
1450573841.566	1
1450573855.0	1
1450573881.368	1
1450573906.0	1
1450574033.0	1
1450574079.483	1
1450574098.0	1
1450574107.0	1
1450574143.0	1
1450574153.225	1
1450574182.0	1
1450586077.045	1
1450622814.0	1
1450622887.813	1
1450622912.0	1
1450622934.242	1
1450623143.0	1
1450623177.321	1
1450624979.0	1
1450625338.0	1
1450625338.0	1
1450625428.736	1
1450625428.736	1
1450625456.0	1
1450625456.0	1
1450625622.439	1
1450625622.439	1
1450625911.0	1
1450625914.727	1
1450625979.613	1
1450626081.79	1
1450626613.96	1
1450626613.96	1
1450628178.0	1
1450628192.95	1
1450628208.25	1
1450628230.0	1
1450628251.974	1
1450628256.851	1
1450629211.748	1
1450629368.0	1
1450629405.952	1
1450652050.94	1
1450652062.001	1
1450652857.0	1
1450655158.91	1
1450655563.0	1
1450655663.191	1
1450655716.0	1
1450655749.338	1
1450655786.0	1
1450655823.05	1
1450656000.527	1
1450656028.0	1
1450656037.83	1
1450656060.0	1
1450656076.005	1
1450656085.0	1
1450656103.0	1
1450656105.773	1
1450656211.0	1
1450656907.0	1
1450656940.0	1
1450659220.057	1
1450659240.0	1
1450659242.648	1
1450659246.349	1
1450659252.0	1
1450659260.0	1
1450659266.068	1
1450659277.0	1
1450659285.998	1
1450659290.785	1
1450659293.0	1
1450659322.0	1
1450659329.513	1
1450659345.0	1
1450659359.405	1
1450659380.0	1
1450659390.899	1
1450659397.0	1
1450659404.0	1
1450659412.951	1
1450659421.786	1
1450659431.0	1
1450659462.128	1
1450659477.0	1
1450659494.07	1
1450659497.0	1
1450659511.0	1
1450659547.0	1
1450659571.082	1
1450659601.315	1
1450659617.62	1
1450659621.0	1
1450659646.056	1
1450659674.0	1
1450659692.559	1
1450659726.0	1
1450665328.0	1
1450703241.047	1
1450703265.479	1
1450703278.94	1
1450703283.573	1
1450703541.0	1
1450703575.795	1
1450703626.0	1
1450703650.317	1
1450703679.07	1
1450703816.0	1
1450705437.0	1
1450705488.0	1
1450706329.364	1
1450706352.68	1
1450707191.0	1
1450708038.273	1
1450715914.974	1
1450715962.886	1
1450717486.947	1
1450717486.947	1
1450728308.226	1
1450728322.466	1
1450729806.0	1
1450729883.774	1
1450729913.697	1
1450730387.0	1
1450730486.647	1
1450731260.0	1
1450731553.376	1
1450731570.549	1
1450731582.097	1
1450732321.0	1
1450732375.952	1
1450732378.458	1
1450732435.129	1
1450732437.172	1
1450732438.937	1
1450732468.0	1
1450732479.0	1
1450732485.774	1
1450732504.244	1
1450732532.0	1
1450732567.415	1
1450732581.337	1
1450732619.0	1
1450732690.397	1
1450732726.281	1
1450732740.327	1
1450732963.0	1
1450733219.0	1
1450733555.137	1
1450733574.951	1
1450733598.415	1
1450734190.051	1
1450734589.104	1
1450734711.0	1
1450734807.844	1
1450734852.0	1
1450735485.148	1
1450735515.0	1
1450735530.877	1
1450736755.954	1
1450739878.693	1
1450741011.575	1
1450741142.677	1
1450741354.331	1
1450742866.0	1
1450750062.319	1
1450750583.034	1
1450750712.797	0
1450750856.783	1
1450753641.0	0
1450753656.0	0
1450753668.0	0
1450753675.396	0
1450753700.0	0
1450753737.389	0
1450753767.0	0
1450760792.0	1
1450786165.132	1
1450789901.236	1
1450805274.332	1
1450812862.638	1
1450812985.0	1
1450813042.116	1
1450813088.746	1
1450813103.0	1
1450813107.0	1
1450813122.402	1
1450821844.0	1
1450821871.029	1
1450822219.398	1
1450822256.301	1
1450823936.564	1
1450824129.0	1
1450824155.735	1
1450824179.0	1
1450824193.0	1
1450824200.189	1
1450824230.756	1
1450824259.0	1
1450824271.912	1
1450824283.841	1
1450824316.0	1
1450824327.0	1
1450824334.182	1
1450824336.92	1
1450826425.465	1
1450826483.0	1
1450826497.741	1
1450829855.0	1
1450829895.592	1
1450829910.0	1
1450829952.088	1
1450829969.0	1
1450829979.749	1
1450830029.054	1
1450830031.0	1
1450830035.0	1
1450830075.944	1
1450830133.0	1
1450830147.0	1
1450830156.447	1
1450830177.0	1
1450830203.0	1
1450830283.704	1
1450830294.0	1
1450830318.0	1
1450830326.0	1
1450830336.0	1
1450830399.665	1
1450830401.137	1
1450830409.0	1
1450830646.987	1
1450830662.311	1
1450830671.0	1
1450834213.0	1
1450834241.947	1
1450834262.462	1
1450834423.0	1
1450834465.591	1
1450834485.567	1
1450834505.609	1
1450834646.0	1
1450834674.821	1
1450834690.987	1
1450834906.0	1
1450834918.0	1
1450834950.021	1
1450834969.518	1
1450834988.22	1
1450835001.0	1
1450835137.0	1
1450835147.0	1
1450835158.419	1
1450835588.0	1
1450835617.923	1
1450835649.0	1
1450847295.0	1
1450847317.271	1
1450847355.783	1
1450847375.0	1
1450847388.488	1
1450847405.0	1
1450847419.293	1
1450848398.666	1
1450849943.952	1
1450878307.0	0
1450878307.0	0
1450878335.0	1
1450878335.0	1
1450878374.305	0
1450878374.305	0
1450878385.959	1
1450878385.959	1
1450878397.0	1
1450878397.0	1
1450878404.0	1
1450878404.0	1
1450878406.0	0
1450878406.0	0
1450878413.493	1
1450878413.493	1
1450878434.0	1
1450878453.339	0
1450878484.215	1
1450878492.0	0
1450878563.989	0
1450878585.687	1
1450878611.0	0
1450878635.0	1
1450879821.373	1
1450879821.373	1
1450885453.181	1
1450885680.0	1
1450885765.998	1
1450885765.998	1
1450885768.827	1
1450885768.827	1
1450885859.0	1
1450885859.0	1
1450886365.0	1
1450886365.0	1
1450886390.763	1
1450886390.763	1
1450886421.0	1
1450886421.0	1
1450886425.534	1
1450886425.534	1
1450886436.0	1
1450886436.0	1
1450886586.501	1
1450886586.501	1
1450886759.0	1
1450886759.0	1
1450886981.178	1
1450886984.187	1
1450887020.0	1
1450887071.889	1
1450887114.0	1
1450887302.384	1
1450887337.527	1
1450887397.714	1
1450887446.0	1
1450887685.831	1
1450887685.831	1
1450887715.028	1
1450887715.028	1
1450887731.0	1
1450887731.0	1
1450887745.0	1
1450887745.0	1
1450887757.0	1
1450887757.0	1
1450888035.164	1
1450888035.164	1
1450888085.517	1
1450888085.517	1
1450888144.295	1
1450888144.295	1
1450888167.0	1
1450888167.0	1
1450888539.587	1
1450888539.587	1
1450888623.048	1
1450888623.048	1
1450888712.92	1
1450888712.92	1
1450888895.087	1
1450889553.93	1
1450889572.7	1
1450889662.0	1
1450890132.812	1
1450890251.73	1
1450890341.0	1
1450891290.252	1
1450891399.066	1
1450891527.847	1
1450891568.739	1
1450891568.739	1
1450891649.36	1
1450891649.36	1
1450891671.0	1
1450891671.0	1
1450891707.366	1
1450891707.366	1
1450891772.622	1
1450891772.622	1
1450891773.521	1
1450891773.521	1
1450891851.61	1
1450891851.61	1
1450891864.955	1
1450891864.955	1
1450892448.85	1
1450892483.0	1
1450892506.702	1
1450893113.0	1
1450893113.0	1
1450893181.015	1
1450893253.0	1
1450893433.0	1
1450893433.0	1
1450893804.375	1
1450893804.375	1
1450893816.5	1
1450893816.5	1
1450893955.878	1
1450893955.878	1
1450894781.139	1
1450894807.0	1
1450895307.0	1
1450895307.0	1
1450895433.796	1
1450895433.796	1
1450895471.539	1
1450895471.539	1
1450896636.934	1
1450897065.91	1
1450897216.326	1
1450897238.948	1
1450901532.172	1
1450901549.0	1
1450901588.266	1
1450901598.0	1
1450906434.91	1
1450906545.399	1
1450906623.57	1
1450906681.014	1
1450907343.692	1
1450907622.45	1
1450907677.508	1
1450907718.985	1
1450907738.081	1
1450907790.0	1
1450907798.0	1
1450907826.451	1
1450907859.931	1
1450907891.0	1
1450907912.923	1
1450907953.623	1
1450907991.0	1
1450908013.855	1
1450908018.0	1
1450908022.46	1
1450908064.0	1
1450908068.0	1
1450908087.566	1
1450908104.793	1
1450908119.0	1
1450908139.932	1
1450908146.83	1
1450908159.0	1
1450908185.696	1
1450908243.0	1
1450908258.0	1
1450908262.039	1
1450908264.175	1
1450908600.881	1
1450908727.8	1
1450908746.862	1
1450912501.246	1
1450912625.854	1
1450913105.0	1
1450913182.903	1
1450913561.231	0
1450914077.0	0
1450914150.0	0
1450914167.829	0
1450914254.0	0
1450914459.697	0
1450914473.861	0
1450914638.0	0
1450914726.0	0
1450914885.22	0
1450914969.0	0
1450914985.919	0
1450915983.0	1
1450919083.344	0
1450919087.0	0
1450919087.0	0
1450919099.619	0
1450919103.0	0
1450919296.0	0
1450926881.0	1
1450927001.269	1
1450927043.0	1
1450927066.0	1
1450927073.523	1
1450927093.0	1
1450966148.784	1
1450966295.949	1
1450966393.0	1
1450966449.668	1
1450966457.403	1
1450966489.0	1
1450966498.0	1
1450966543.653	1
1450966617.0	1
1450971015.694	1
1450971063.0	1
1450971113.413	1
1450971136.0	1
1450971981.846	1
1450975769.848	1
1450975772.628	1
1450975794.968	1
1450975942.0	1
1450975992.4	1
1450976012.867	1
1450981297.193	1
1450981352.389	1
1450982305.721	1
1450985948.778	1
1450986224.0	1
1450986224.0	1
1450992342.448	1
1450994105.808	1
1450994119.135	1
1450994128.0	1
1450994141.262	1
1450997217.0	1
1450997243.728	1
1450997257.102	1
1450997398.0	1
1450997417.702	1
1450997427.0	1
1450997445.0	1
1450997456.662	1
1450997470.0	1
1450997470.98	1
1450997474.0	1
1450997478.985	1
1450997483.5	1
1450997497.0	1
1450997510.564	1
1450997528.0	1
1450997555.68	1
1450997565.0	1
1450997590.879	1
1450997773.0	1
1450997914.223	1
1450999561.213	1
1451001525.164	1
1451016351.0	1
1451050350.399	1
1451056609.0	0
1451057252.515	1
1451057344.63	1
1451057640.411	1
1451057640.411	1
1451065604.0	0
1451065992.0	0
1451066808.0	0
1451067530.592	1
1451067557.0	1
1451067574.416	1
1451067614.0	1
1451068214.0	0
1451068214.0	0
1451070939.0	1
1451070939.0	1
1451071956.334	1
1451073155.0	1
1451074348.695	1
1451078142.776	1
1451078173.0	1
1451078185.366	1
1451079425.498	1
1451079834.0	1
1451079906.057	1
1451079946.0	1
1451079988.0	1
1451080113.41	1
1451080197.886	1
1451080312.0	1
1451080354.0	1
1451080446.0	1
1451080573.113	1
1451080582.372	1
1451080670.0	1
1451081075.224	1
1451081116.0	1
1451081128.676	1
1451081228.697	1
1451081283.844	1
1451081379.0	1
1451081390.0	1
1451081432.703	1
1451081440.116	1
1451081520.0	1
1451081541.012	1
1451081567.947	1
1451081604.0	1
1451081639.015	1
1451081715.0	1
1451081947.826	1
1451082053.0	1
1451086472.792	1
1451091582.101	1
1451091600.0	1
1451091608.0	1
1451091616.453	1
1451095708.173	1
1451095721.552	1
1451095730.0	1
1451095886.165	1
1451095888.151	1
1451095907.0	1
1451096782.498	1
1451135053.0	1
1451135072.618	1
1451135150.263	1
1451135308.0	1
1451135334.957	1
1451135741.0	1
1451139944.467	1
1451139959.0	1
1451142477.878	1
1451142712.0	1
1451143761.165	1
1451143774.0	1
1451144131.226	1
1451144143.0	1
1451144155.426	1
1451145144.969	1
1451151378.602	1
1451151378.602	1
1451151401.0	1
1451151790.0	1
1451151836.508	1
1451151881.283	1
1451151894.267	1
1451151981.0	1
1451152033.632	1
1451152087.734	1
1451152090.0	1
1451152107.0	1
1451152113.655	1
1451152118.481	1
1451152205.177	1
1451152408.0	1
1451152504.208	1
1451152547.053	1
1451155142.433	1
1451155384.0	1
1451155415.296	1
1451155632.0	1
1451155636.0	1
1451155722.943	1
1451156310.695	1
1451171003.0	1
1451171048.936	1
1451171088.031	1
1451171396.192	1
1451171832.0	1
1451171865.539	1
1451171883.0	1
1451171947.937	1
1451171972.0	1
1451172040.026	1
1451172079.0	1
1451172114.876	1
1451172131.039	1
1451172184.0	1
1451172218.578	1
1451172243.0	1
1451172295.159	1
1451172312.0	1
1451172318.0	1
1451172338.067	1
1451181351.0	1
1451181372.59	1
1451182764.0	1
1451183190.255	1
1451186801.501	1
1451189555.0	1
1451189560.0	1
1451189572.385	1
1451189580.322	1
1451189611.0	1
1451189642.255	1
1451189645.0	1
1451189662.227	1
1451189679.0	1
1451189703.0	1
1451189722.701	1
1451189735.0	1
1451189742.12	1
1451189775.292	1
1451189783.216	1
1451189790.0	1
1451189815.692	1
1451190446.0	1
1451249560.841	1
1451249595.0	1
1451255102.0	1
1451255164.0	1
1451255451.0	1
1451257037.957	1
1451257054.314	1
1451257085.0	1
1451257105.161	1
1451257113.722	1
1451257122.17	1
1451257125.691	1
1451257128.206	1
1451257158.0	1
1451257167.0	1
1451257225.933	1
1451257310.985	1
1451257348.36	1
1451257351.0	1
1451257394.0	1
1451257538.268	1
1451257669.0	1
1451257780.136	1
1451257800.0	1
1451257816.428	1
1451257830.553	1
1451257886.0	1
1451257909.0	1
1451257930.659	1
1451257934.0	1
1451258006.0	1
1451258119.565	1
1451258242.0	1
1451262952.7	1
1451263959.0	1
1451310785.087	0
1451311153.0	0
1451311483.63	0
1451312840.535	1
1451313351.03	1
1451314509.0	1
1451314532.208	1
1451314849.246	1
1451314851.962	1
1451315484.6	1
1451316207.198	1
1451316392.986	1
1451321688.665	1
1451322378.051	1
1451322526.891	1
1451322591.612	1
1451323431.149	0
1451324000.393	1
1451325753.135	1
1451327108.0	0
1451327146.251	0
1451332268.994	1
1451332388.113	1
1451332971.915	1
1451334363.457	1
1451334522.633	1
1451334558.0	1
1451335674.39	1
1451335681.0	1
1451336908.765	1
1451338864.0	1
1451338880.0	1
1451342008.751	1
1451342084.0	1
1451342099.23	1
1451342121.0	1
1451342130.446	1
1451342136.0	1
1451342140.952	1
1451342157.0	1
1451342232.646	1
1451342270.856	1
1451342282.4	1
1451342298.086	1
1451342311.023	1
1451342395.0	1
1451342479.21	1
1451343651.0	1
1451343673.0	1
1451343850.0	1
1451344051.572	1
1451353272.054	1
1451353338.957	1
1451353348.58	1
1451353432.168	1
1451353509.473	1
1451353546.696	1
1451355660.0	1
1451355711.586	1
1451357026.0	1
1451392911.355	1
1451395270.544	1
1451398558.0	0
1451399293.396	1
1451399293.396	1
1451399495.0	1
1451399574.0	1
1451399613.814	1
1451399682.339	1
1451401173.578	1
1451403383.726	0
1451403383.726	0
1451403522.0	1
1451403522.0	1
1451405728.937	1
1451405772.109	1
1451405875.249	1
1451409455.069	1
1451409476.0	1
1451409490.497	1
1451416225.0	0
1451416229.0	0
1451416273.171	0
1451416279.693	0
1451416281.741	0
1451416296.985	1
1451416510.0	1
1451416595.482	1
1451423414.615	1
1451423452.0	1
1451423472.494	1
1451423515.628	1
1451423543.0	1
1451423553.261	1
1451423596.582	1
1451423624.0	1
1451423697.651	1
1451424756.0	1
1451424972.995	1
1451425002.0	1
1451425010.0	1
1451425039.46	1
1451425050.0	1
1451432082.203	1
1451435388.734	1
1451436872.585	1
1451441865.404	1
1451443927.231	1
1451443946.0	1
1451444129.218	1
1451444481.0	1
1451444696.222	1
1451485496.008	1
1451487502.333	1
1451487502.333	1
1451489033.107	1
1451489378.266	1
1451489486.444	1
1451490413.0	1
1451490453.249	1
1451492535.791	1
1451492593.0	1
1451492620.602	1
1451492634.0	1
1451492690.749	1
1451492719.924	1
1451492742.0	1
1451493046.455	1
1451493070.0	1
1451493078.998	1
1451493104.0	1
1451493113.088	1
1451493211.599	1
1451493261.0	1
1451493530.01	1
1451493677.797	1
1451493687.0	1
1451493744.325	1
1451493753.0	1
1451494431.754	1
1451494677.0	1
1451495617.152	1
1451495650.69	1
1451495664.0	1
1451495688.0	1
1451495692.899	1
1451521056.695	1
1451521115.923	1
1451521225.485	1
1451521546.0	1
1451521549.0	1
1451521558.0	1
1451521576.565	1
1451521589.0	1
1451521599.538	1
1451521613.673	1
1451521639.0	1
1451521645.148	1
1451521654.52	1
1451521657.0	1
1451521672.0	1
1451521672.643	1
1451521689.943	1
1451521692.708	1
1451521716.0	1
1451521718.0	1
1451521728.0	1
1451521732.204	1
1451521753.114	1
1451521759.244	1
1451521769.201	1
1451521790.0	1
1451521850.0	1
1451521859.441	1
1451521861.0	1
1451521881.991	1
1451521904.0	1
1451521929.114	1
1451522146.0	1
1451522244.0	1
1451522381.366	1
1451522429.378	1
1451522622.0	1
1451522664.933	1
1451522685.673	1
1451522720.0	1
1451522729.498	1
1451522770.0	1
1451522786.688	1
1451522800.133	1
1451522823.806	1
1451522832.0	1
1451522842.0	1
1451522866.378	1
1451522893.257	1
1451522906.0	1
1451522931.664	1
1451522942.37	1
1451522975.0	1
1451522984.0	1
1451523075.909	1
1451523101.913	1
1451523320.0	1
1451523377.744	1
1451523396.0	1
1451523517.911	1
1451523524.444	1
1451525419.299	1
1451526068.0	1
1451526094.359	1
1451526105.0	1
1451526114.262	1
1451526150.0	1
1451526173.0	1
1451526250.43	1
1451526651.0	1
1451526683.798	1
1451527217.0	1
1451527260.0	1
1451527266.768	1
1451527363.0	1
1451527398.818	1
1451527440.0	1
1451527454.048	1
1451527463.802	1
1451527571.0	1
1451527616.137	1
1451527645.535	1
1451527769.0	1
1451527812.84	1
1451527844.001	1
1451527955.0	1
1451527966.0	1
1451527985.239	1
1451528055.0	1
1451528080.31	1
1451528154.0	1
1451528165.0	1
1451528212.52	1
1451574461.129	1
1451574744.0	1
1451574767.508	1
1451574809.0	1
1451575009.284	1
1451575071.0	1
1451575293.776	1
1451576306.0	1
1451577519.0	1
1451577550.683	1
1451577591.0	1
1451577631.023	1
1451577701.0	1
1451577744.93	1
1451577758.747	1
1451577826.0	1
1451577845.0	1
1451577851.754	1
1451577881.737	1
1451577955.0	1
1451577996.865	1
1451578035.481	1
1451578304.0	1
1451578379.851	1
1451578445.096	1
1451578479.692	1
1451579031.0	1
1451579088.499	1
1451579117.229	1
1451579222.112	1
1451579253.463	1
1451579365.201	1
1451579367.244	1
1451579423.057	1
1451579445.641	1
1451579647.0	1
1451579725.411	1
1451579727.819	1
1451579782.0	1
1451579789.739	1
1451579811.0	1
1451579846.575	1
1451582126.262	1
1451582310.018	1
1451582322.0	1
1451582362.167	1
1451582367.0	1
1451582370.0	1
1451582388.454	1
1451582422.0	1
1451582437.708	1
1451584517.554	1
1451584713.775	1
1451584744.366	1
1451584774.161	1
1451584829.545	1
1451590822.553	1
1451590828.0	1
1451590843.329	1
1451600823.0	1
1451605423.796	1
1451605451.019	1
1451605487.0	1
1451605542.882	1
1451605581.0	1
1451605601.251	1
1451605783.0	1
1451607373.591	1
1451607703.193	1
1451607809.141	1
1451607828.842	1
1451607889.438	1
1451608435.0	1
1451608435.0	1
1451608501.0	1
1451608501.0	1
1451608728.0	1
1451611406.0	1
1451611438.0	1
1451612490.0	1
1451612516.0	1
1451612531.0	1
1451612610.741	1
1451612818.912	1
1451612838.582	1
1451612847.136	1
1451613424.0	1
1451614693.0	1
1451614700.0	1
1451615165.88	1
1451615171.02	1
1451615206.595	1
1451615219.141	1
1451616019.0	1
1451616514.0	1
1451616514.0	1
1451616517.769	1
1451616517.769	1
1451616539.715	1
1451616539.715	1
1451616567.0	1
1451616567.0	1
1451616585.823	1
1451616585.823	1
1451616726.0	1
1451616726.0	1
1451616840.0	1
1451616840.0	1
1451618136.906	1
1451618298.0	1
1451618316.774	1
1451618325.081	1
1451618486.0	1
1451619966.0	1
1451620131.267	1
1451620145.767	1
1451620393.0	1
1451620425.0	1
1451620434.784	1
1451620447.0	1
1451620470.541	1
1451620551.0	1
1451620606.432	1
1451620648.0	1
1451620698.437	1
1451625008.86	1
1451625038.131	1
1451625051.656	1
1451625062.043	1
1451625085.119	1
1451625097.0	1
1451625102.323	1
1451625120.906	1
1451625198.272	0
1451625200.334	1
1451625202.476	1
1451625204.516	1
1451625206.292	1
1451625265.707	0
1451625267.053	0
1451625267.754	0
1451625269.291	1
1451625298.174	1
1451625335.0	0
1451625388.0	0
1451625400.633	0
1451625477.0	0
1451625524.086	0
1451625725.0	1
1451625942.0	1
1451625973.692	1
1451626020.0	1
1451626185.0	1
1451626471.0	0
1451626474.0	0
1451626506.408	0
1451626605.843	0
1451626680.086	0
1451626833.0	0
1451627400.169	1
1451627421.0	1
1451628310.845	1
1451628357.0	1
1451628418.559	1
1451628455.0	1
1451628576.327	1
1451655872.0	0
1451655872.0	0
1451661378.045	1
1451661378.045	1
1451664939.906	1
1451665438.0	1
1451665487.681	1
1451665531.0	1
1451665667.924	1
1451668567.0	1
1451668585.799	1
1451668601.412	1
1451668679.0	1
1451668739.323	1
1451669066.0	1
1451669129.736	1
1451669656.0	1
1451669997.417	1
1451670000.26	1
1451670232.0	1
1451670246.0	1
1451670548.538	1
1451670589.543	1
1451679982.807	1
1451688533.969	1
1451690609.0	1
1451690622.0	1
1451690746.985	1
1451690779.618	1
1451690814.625	1
1451690848.12	1
1451690864.791	1
1451691180.852	1
1451692005.0	1
1451692035.556	1
1451692063.69	1
1451692379.0	1
1451692390.0	1
1451692433.024	1
1451693914.0	1
1451693952.132	1
1451693994.0	1
1451694353.363	1
1451694381.035	1
1451694383.0	1
1451694383.813	1
1451694399.435	1
1451704342.0	1
1451704471.511	1
1451704692.0	1
1451704799.565	1
1451704822.31	1
1451704921.0	1
1451704965.0	1
1451705002.709	1
1451705289.38	1
1451706549.0	1
1451707515.099	1
1451751750.389	1
1451752729.906	1
1451755001.242	1
1451755038.78	1
1451755048.0	1
1451755500.0	1
1451755537.626	1
1451755547.703	1
1451755793.0	1
1451755821.783	1
1451755851.103	1
1451757441.0	1
1451757455.11	1
1451767063.825	1
1451767092.0	1
1451767206.839	1
1451767271.0	1
1451767324.273	1
1451767343.346	1
1451767348.0	1
1451767396.356	1
1451767423.0	1
1451767436.619	1
1451767448.489	1
1451767462.0	1
1451767539.552	1
1451767547.683	1
1451767574.0	1
1451767609.124	1
1451767680.29	1
1451767709.549	1
1451767725.0	1
1451767785.216	1
1451768998.713	1
1451784059.0	1
1451784078.0	1
1451784112.0	1
1451784887.055	1
1451784899.153	1
1451784919.292	1
1451784933.373	1
1451784971.0	1
1451785027.423	1
1451785100.0	1
1451785207.0	1
1451785254.23	1
1451785268.443	1
1451785424.0	1
1451785492.1	1
1451785623.0	1
1451785691.394	1
1451785746.0	1
1451785768.781	1
1451785771.262	1
1451785850.0	1
1451785902.503	1
1451785980.0	1
1451786067.0	1
1451786215.0	1
1451786217.987	1
1451786271.843	1
1451786400.0	1
1451786537.79	1
1451786572.695	1
1451786601.351	1
1451786632.0	1
1451786690.968	1
1451786734.0	1
1451786765.479	1
1451786787.0	1
1451787570.254	1
1451787570.254	1
1451788118.0	1
1451788151.0	1
1451788212.618	1
1451788247.834	1
1451788273.57	1
1451788390.0	1
1451788422.0	1
1451788471.706	1
1451788491.557	1
1451788884.0	1
1451788967.0	1
1451788997.0	1
1451789002.178	1
1451789059.808	1
1451789066.784	1
1451789102.981	1
1451789175.0	1
1451789194.794	1
1451792505.757	1
1451834280.279	1
1451834295.389	1
1451834462.425	1
1451834625.365	1
1451835283.776	1
1451835560.0	1
1451837129.223	1
1451839994.0	1
1451840109.661	1
1451840264.0	1
1451840286.781	1
1451840313.965	1
1451840364.858	1
1451840448.966	1
1451840658.0	1
1451840712.461	1
1451840729.742	1
1451840819.676	1
1451841743.0	1
1451845294.549	1
1451848671.949	1
1451848730.0	1
1451848747.638	1
1451848770.863	1
1451860006.161	1
1451860594.0	1
1451861154.84	1
1451863672.611	1
1451863850.0	1
1451863872.851	1
1451863876.082	1
1451863986.033	1
1451863986.033	1
1451863994.0	1
1451863994.0	1
1451864141.0	1
1451864141.0	1
1451864199.631	1
1451866644.623	1
1451866998.0	1
1451867042.44	1
1451867060.0	1
1451867106.0	1
1451867120.651	1
1451867153.776	1
1451867176.729	1
1451867208.885	1
1451867241.649	1
1451867255.0	1
1451867266.885	1
1451867268.0	1
1451867358.822	1
1451867416.032	1
1451867626.0	1
1451867686.0	1
1451868081.434	1
1451868107.0	1
1451868137.382	1
1451868168.704	1
1451868180.0	1
1451868187.786	1
1451868221.0	1
1451868237.359	1
1451869281.0	1
1451869281.0	1
1451869425.0	1
1451869568.115	1
1451870153.0	1
1451870210.74	1
1451870953.0	1
1451873013.0	1
1451873050.58	1
1451873223.0	1
1451873247.0	1
1451873260.0	1
1451873267.119	1
1451873270.288	1
1451873285.0	1
1451873302.491	1
1451873325.0	1
1451873336.0	1
1451873359.275	1
1451873412.0	1
1451873443.267	1
1451873452.151	1
1451873461.0	1
1451873471.819	1
1451873487.0	1
1451873522.748	1
1451873643.0	1
1451873659.0	1
1451873659.0	1
1451873669.0	1
1451873669.0	1
1451873677.305	1
1451873677.305	1
1451873692.0	1
1451873692.0	1
1451873714.0	1
1451873714.0	1
1451873730.0	1
1451873730.0	1
1451873741.304	1
1451873741.304	1
1451873753.181	1
1451873753.181	1
1451873755.0	1
1451873755.0	1
1451873806.646	1
1451873806.646	1
1451873825.0	1
1451873825.0	1
1451876482.0	1
1451876494.608	1
1451909750.0	1
1451914619.491	1
1451914749.567	1
1451915107.0	1
1451916162.0	1
1451916173.017	1
1451920663.29	1
1451921535.632	1
1451921753.46	1
1451921768.08	1
1451921786.615	1
1451924541.978	1
1451924696.839	1
1451924869.0	1
1451924890.757	1
1451925200.847	1
1451925459.734	1
1451925715.0	1
1451928389.763	1
1451928474.375	1
1451928909.08	1
1451928909.08	1
1451931676.18	1
1451931676.18	1
1451931690.0	1
1451931690.0	1
1451931705.787	1
1451931705.787	1
1451931729.0	1
1451931729.0	1
1451931749.298	1
1451931749.298	1
1451931764.455	1
1451931764.455	1
1451932029.0	1
1451932152.895	1
1451932178.75	1
1451932208.0	1
1451932215.662	1
1451932226.696	1
1451932747.0	1
1451932773.3	1
1451932801.0	1
1451932861.19	1
1451932884.0	1
1451932957.335	1
1451936091.415	1
1452017434.148	1
1452019504.767	1
1452025395.5	1
1452034997.227	1
1452038853.923	1
1452039195.179	1
1452039850.3	1
1452039850.3	1
1452049699.982	1
1452049699.982	1
1452050082.32	1
1452067019.238	1
1452067019.238	1
1452067079.774	1
1452067079.774	1
1452094553.0	1
1452094581.854	1
1452094621.0	1
1452094743.917	1
1452094743.917	1
1452094995.0	1
1452094995.0	1
1452095029.274	1
1452095029.274	1
1452095088.967	1
1452095090.633	1
1452095119.0	1
1452095126.116	1
1452095133.73	1
1452095181.951	1
1452097376.0	1
1452097458.991	1
1452099945.276	1
1452099961.0	1
1452099979.495	1
1452100127.593	1
1452100129.0	1
1452100142.33	1
1452103193.321	1
1452103231.445	1
1452108062.286	1
1452108081.0	1
1452108096.938	1
1452108112.0	1
1452108112.346	1
1452108182.465	1
1452108203.0	1
1452108248.363	1
1452108343.116	1
1452108374.0	1
1452108389.459	1
1452109977.0	1
1452110193.423	1
1452116988.315	1
1452117324.0	1
1452117452.552	1
1452123998.452	1
1452126627.0	1
1452126649.517	1
1452174256.861	1
1452189868.502	1
1452198938.0	1
1452199008.516	1
1452199412.918	1
1452200227.258	1
1452200227.258	1
1452203514.122	1
1452203541.0	1
1452203609.523	1
1452204406.159	1
1452204431.646	1
1452206063.886	1
1452226102.743	1
1452232383.304	1
1452232450.0	1
1452232466.446	1
1452234231.0	1
1452259773.172	1
1452259970.1	1
1452260248.0	1
1452263236.699	1
1452265256.934	1
1452265334.335	1
1452265356.731	1
1452274282.957	1
1452276907.0	0
1452284086.464	1
1452284112.791	1
1452284129.0	1
1452284151.804	1
1452284196.0	1
1452284237.086	1
1452284244.265	1
1452284258.0	1
1452284315.795	1
1452284322.629	1
1452284332.0	1
1452284350.796	1
1452284361.0	1
1452284373.192	1
1452284402.0	1
1452284442.211	1
1452284531.258	1
1452284538.0	1
1452284540.0	1
1452284569.085	1
1452284592.0	1
1452284639.684	1
1452284673.0	1
1452284693.164	1
1452284708.0	1
1452285293.418	1
1452288072.949	0
1452288250.0	0
1452288318.528	0
1452288330.0	0
1452288416.989	1
1452290765.0	1
1452291340.998	1
1452291563.477	1
1452291563.477	1
1452291586.87	1
1452291586.87	1
1452297637.619	1
1452297995.242	1
1452297995.242	1
1452302363.959	1
1452309494.349	1
1452309519.0	1
1452309547.79	1
1452309594.0	1
1452309628.945	1
1452309642.192	1
1452309655.825	1
1452309659.0	1
1452309673.0	1
1452309692.251	1
1452309702.957	1
1452309707.0	1
1452309735.119	1
1452309946.954	1
1452309963.0	1
1452309985.472	1
1452309998.533	1
1452310016.0	1
1452310075.579	1
1452310318.0	1
1452310410.103	1
1452310505.0	1
1452310749.745	1
1452310749.745	1
1452310851.0	1
1452310851.0	1
1452311299.512	1
1452311303.663	1
1452311328.591	1
1452311474.0	1
1452339151.94	1
1452339195.12	1
1452339236.218	1
1452339236.218	1
1452343059.329	1
1452345344.0	1
1452345384.44	1
1452345397.528	1
1452345409.452	1
1452345425.0	1
1452345455.421	1
1452345551.0	1
1452345584.766	1
1452345660.0	1
1452345668.0	1
1452345690.181	1
1452362602.168	1
1452362602.168	1
1452363527.896	1
1452372522.0	0
1452373603.068	1
1452374570.156	1
1452374570.156	1
1452383073.571	1
1452383073.571	1
1452383694.172	1
1452383854.622	1
1452383854.622	1
1452391093.316	1
1452391382.324	1
1452391435.578	1
1452392108.723	1
1452398385.151	1
1452398911.31	1
1452400894.608	1
1452400923.0	1
1452400945.145	1
1452400968.0	1
1452400976.366	1
1452401003.0	1
1452401019.584	1
1452401030.151	1
1452401121.768	1
1452402468.221	1
1452402570.398	1
1452417984.032	1
1452433686.16	1
1452439736.0	1
1452439938.701	1
1452442290.535	1
1452449560.0	0
1452455929.956	1
1452455988.807	1
1452456370.221	1
1452456429.0	1
1452456478.317	1
1452456513.0	1
1452456516.603	1
1452456527.439	1
1452456567.834	1
1452456600.391	1
1452456700.0	1
1452456742.685	1
1452456777.992	1
1452456952.871	1
1452456986.798	1
1452457223.0	1
1452457432.0	1
1452460125.0	1
1452460159.93	1
1452460192.0	1
1452461879.07	1
1452462158.788	1
1452464172.046	1
1452464224.623	1
1452465029.341	1
1452465163.132	1
1452471288.036	1
1452471767.44	1
1452472319.0	1
1452472326.0	1
1452472392.254	1
1452478008.88	1
1452478068.0	1
1452478183.108	1
1452478713.358	1
1452478713.358	1
1452482121.652	1
1452482270.627	1
1452483063.639	1
1452483480.676	1
1452486927.059	1
1452524442.0	1
1452524442.0	1
1452536528.0	0
1452536737.37	1
1452536745.0	1
1452536752.158	1
1452536758.0	1
1452536791.523	1
1452536815.0	1
1452536851.0	1
1452536862.316	1
1452536887.784	1
1452537328.272	1
1452537335.085	1
1452537353.0	1
1452538553.297	1
1452538568.578	1
1452539897.0	1
1452539946.514	1
1452539962.0	1
1452539985.0	1
1452539994.348	1
1452540013.874	1
1452540028.0	1
1452540065.356	1
1452540368.616	1
1452540392.0	1
1452540403.187	1
1452540422.0	1
1452540427.963	1
1452540467.342	1
1452540486.0	1
1452540548.821	1
1452540596.0	1
1452540747.783	1
1452541469.0	1
1452545591.913	1
1452545687.997	1
1452545711.0	1
1452545736.022	1
1452545749.07	1
1452545789.843	1
1452545807.009	1
1452545969.167	1
1452546421.0	1
1452550487.371	1
1452550496.448	1
1452550931.0	1
1452550936.0	1
1452552740.0	1
1452554507.952	1
1452554526.651	1
1452554531.837	1
1452554583.0	1
1452554608.0	1
1452554621.634	1
1452554623.14	1
1452554633.421	1
1452554760.0	1
1452554786.98	1
1452554821.241	1
1452555493.211	1
1452555498.431	1
1452556165.0	1
1452556165.0	1
1452558581.793	1
1452558596.0	1
1452558618.02	1
1452559232.519	1
1452562840.0	1
1452562857.659	1
1452565346.978	1
1452567438.666	1
1452567455.0	1
1452567472.891	1
1452569814.7	1
1452571244.392	1
1452571290.975	1
1452571306.932	1
1452606930.812	1
1452613061.508	1
1452613217.642	1
1452622956.611	1
1452623046.0	1
1452623244.831	1
1452623692.237	1
1452626748.729	1
1452626779.21	1
1452626839.0	1
1452628547.0	1
1452628866.793	1
1452628866.793	1
1452628868.558	1
1452628868.558	1
1452629128.236	1
1452629128.236	1
1452630812.066	1
1452630847.0	1
1452630867.706	1
1452631502.0	0
1452631512.0	0
1452631636.71	1
1452631661.0	1
1452631674.637	1
1452631723.0	1
1452631759.859	1
1452631771.16	1
1452631778.0	1
1452633827.1	1
1452634026.994	1
1452634190.173	1
1452637312.435	1
1452640077.0	1
1452640080.0	1
1452640130.984	1
1452642365.131	1
1452642365.131	1
1452644981.581	1
1452648583.537	1
1452650858.062	1
1452650893.0	1
1452650914.554	1
1452650944.0	1
1452650993.673	1
1452651008.288	1
1452651021.0	1
1452651022.0	1
1452651074.939	1
1452651097.0	1
1452651118.054	1
1452651132.0	1
1452651352.954	1
1452690074.23	1
1452690474.0	1
1452690501.394	1
1452690512.0	1
1452690532.991	1
1452690541.0	1
1452690612.361	1
1452690614.173	1
1452690621.426	1
1452690641.0	1
1452690657.254	1
1452690660.0	1
1452690706.818	1
1452690720.0	1
1452690774.809	1
1452690808.856	1
1452690825.0	1
1452690860.803	1
1452690878.0	1
1452698742.627	1
1452699907.625	1
1452700053.0	1
1452700088.634	1
1452700108.804	1
1452700355.416	1
1452700376.0	1
1452700435.194	1
1452700457.572	1
1452700574.756	1
1452702045.299	1
1452706211.766	1
1452706302.41	1
1452706349.0	1
1452706383.622	1
1452706394.268	1
1452706520.0	1
1452712974.652	1
1452713024.0	1
1452713044.506	1
1452717070.325	1
1452725343.009	1
1452725491.0	1
1452725508.052	1
1452728163.863	1
1452730067.409	1
1452731293.695	1
1452731301.0	1
1452733359.636	1
1452783526.842	1
1452783531.0	1
1452785989.685	1
1452786009.0	1
1452786163.579	1
1452786166.411	1
1452786206.0	1
1452786316.528	1
1452786353.0	1
1452786398.674	1
1452786408.225	1
1452786438.0	1
1452786531.815	1
1452786596.0	1
1452786628.139	1
1452786651.14	1
1452786668.0	1
1452786688.924	1
1452786719.665	1
1452786729.0	1
1452786745.204	1
1452787403.055	1
1452787403.055	1
1452787507.0	1
1452787507.0	1
1452787793.751	1
1452788063.0	1
1452788097.383	1
1452802266.293	1
1452810194.051	1
1452810359.0	1
1452810575.418	1
1452811634.833	1
1452812083.202	1
1452818056.717	1
1452818056.717	1
1452819357.169	1
1452819392.93	1
1452820568.298	1
1452836278.485	1
1452864073.227	1
1452864108.056	1
1452864808.668	1
1452865281.519	1
1452865428.801	1
1452865440.0	1
1452865515.163	1
1452865683.612	1
1452865830.0	1
1452867537.618	1
1452867859.025	1
1452867983.282	1
1452869102.403	1
1452876205.423	1
1452877152.827	1
1452879644.77	1
1452879791.0	1
1452879880.019	1
1452880286.0	1
1452880325.262	1
1452880347.24	1
1452880358.0	1
1452880382.954	1
1452880389.0	1
1452880434.605	1
1452880471.0	1
1452880929.139	1
1452881033.506	1
1452881040.0	1
1452881051.267	1
1452881082.626	1
1452882248.0	1
1452882277.099	1
1452883958.069	1
1452883974.0	1
1452888639.317	1
1452888914.926	1
1452890137.249	1
1452890321.289	1
1452901172.181	1
1452901313.0	1
1452901359.733	1
1452901481.291	1
1452902966.407	1
1452903823.0	1
1452905690.534	1
1452905748.47	1
1452953760.0	0
1452953779.689	0
1452953780.0	0
1452957405.4	1
1452957954.885	1
1452957957.864	1
1452958090.0	1
1452958363.542	1
1452958386.39	1
1452958541.0	1
1452958717.159	1
1452958737.0	1
1452958751.22	1
1452959478.696	1
1452959553.379	1
1452959621.0	1
1452965674.597	1
1452966237.834	1
1452966422.372	1
1452969302.401	1
1452969596.0	1
1452969618.0	1
1452969641.172	1
1452969842.317	1
1452971972.0	1
1452971990.529	1
1452972027.0	1
1452972064.109	1
1452972540.0	1
1452972558.479	1
1452972590.0	1
1452972794.176	1
1452976108.366	1
1452981666.775	1
1452981666.775	1
1452981670.372	1
1452981670.372	1
1452982597.665	1
1452982832.051	1
1452985107.033	1
1452985707.504	1
1452989324.254	1
1452990098.826	1
1452997209.0	1
1452997292.554	1
1452997367.0	1
1452997410.549	1
1452997506.0	1
1452997527.0	1
1452998213.353	1
1452998290.0	1
1452998311.771	1
1452998363.994	1
1452999622.208	1
1453000358.0	1
1453000400.848	1
1453000402.583	1
1453000407.273	1
1453000505.332	1
1453000533.0	1
1453008487.0	1
1453008497.0	1
1453032898.471	1
1453042451.179	1
1453042535.955	1
1453042673.0	1
1453042692.411	1
1453045810.0	1
1453046009.076	1
1453046042.0	1
1453046059.016	1
1453047867.0	0
1453049306.549	1
1453050477.758	1
1453051067.897	1
1453059479.311	0
1453059691.0	0
1453059713.106	0
1453059799.0	0
1453059835.031	0
1453059859.538	1
1453060063.0	0
1453060108.976	0
1453060192.906	0
1453060201.669	1
1453060226.0	0
1453060260.002	0
1453060265.0	0
1453060267.829	0
1453060275.593	0
1453060294.314	0
1453060312.0	0
1453060328.952	0
1453060339.0	0
1453060365.412	0
1453060366.0	0
1453060393.596	0
1453060419.165	0
1453060617.0	0
1453060646.363	0
1453060679.0	0
1453060690.631	0
1453060731.0	0
1453060760.199	0
1453064721.048	1
1453064964.908	1
1453066895.519	1
1453067083.0	1
1453067121.579	1
1453067337.0	1
1453067337.0	1
1453067407.0	1
1453067407.0	1
1453067501.913	1
1453067501.913	1
1453067511.0	1
1453067511.0	1
1453067534.118	1
1453067534.118	1
1453067549.0	1
1453067549.0	1
1453067554.107	1
1453067554.107	1
1453067559.95	1
1453067559.95	1
1453067563.0	1
1453067563.0	1
1453067589.455	1
1453067589.455	1
1453068187.0	1
1453068218.0	1
1453068261.424	1
1453068276.0	1
1453068297.712	1
1453068306.0	1
1453068325.555	1
1453068385.0	1
1453070484.223	1
1453070499.921	1
1453070564.371	1
1453070576.0	1
1453070579.573	1
1453070877.318	1
1453071741.395	1
1453071909.99	1
1453071959.0	1
1453123155.829	1
1453123210.6	1
1453129659.097	1
1453129679.0	1
1453129699.205	1
1453129718.0	1
1453129731.011	1
1453129740.0	1
1453129777.993	1
1453129787.0	1
1453129791.136	1
1453129798.0	1
1453129855.008	1
1453129935.0	1
1453129953.76	1
1453130006.975	1
1453130030.0	1
1453130053.777	1
1453138815.309	1
1453150055.89	1
1453150465.718	1
1453150518.598	1
1453150614.256	1
1453152898.773	1
1453152906.694	1
1453152927.0	1
1453152941.599	1
1453152961.14	1
1453154674.566	1
1453154805.483	1
1453154973.226	1
1453156873.275	1
1453156895.0	1
1453156921.814	1
1453156933.0	1
1453157678.975	1
1453157944.09	1
1453164377.358	1
1453211870.253	1
1453212818.646	1
1453212842.986	1
1453212876.455	1
1453212889.221	1
1453213231.0	1
1453213628.364	1
1453213681.0	1
1453214149.762	1
1453217431.099	1
1453220417.0	1
1453220455.312	1
1453220520.0	1
1453220542.748	1
1453220586.0	1
1453220605.7	1
1453220656.0	1
1453220922.994	1
1453220928.866	1
1453220943.13	1
1453220954.733	1
1453221051.0	1
1453221180.439	1
1453221303.122	1
1453221354.123	1
1453221354.123	1
1453221441.36	1
1453221576.497	1
1453229890.029	1
1453230534.533	1
1453231474.835	1
1453231474.835	1
1453231490.1	1
1453231490.1	1
1453232498.0	1
1453232498.0	1
1453232604.24	1
1453232604.24	1
1453232688.025	1
1453232688.025	1
1453233014.0	1
1453234164.0	1
1453234164.0	1
1453234775.125	1
1453234796.0	1
1453234811.928	1
1453234826.013	1
1453234991.505	1
1453235261.0	1
1453235261.0	1
1453235286.103	1
1453235304.319	1
1453237591.108	1
1453237591.108	1
1453237607.0	1
1453237607.0	1
1453237977.738	1
1453238003.0	1
1453238016.393	1
1453238627.0	1
1453238695.061	1
1453238742.0	1
1453238989.378	1
1453240891.797	1
1453256253.0	1
1453256354.361	1
1453256367.0	1
1453256393.248	1
1453256451.0	1
1453256478.602	1
1453256502.0	1
1453256537.976	1
1453256701.0	1
1453256810.326	1
1453297322.0	1
1453297455.847	1
1453297455.847	1
1453297511.0	1
1453297511.0	1
1453297657.077	1
1453297679.0	1
1453298053.848	1
1453298056.408	1
1453299254.076	1
1453299401.0	1
1453299401.0	1
1453299781.996	1
1453299781.996	1
1453299895.0	1
1453304633.919	1
1453308149.0	0
1453309182.183	0
1453309251.0	0
1453309435.545	1
1453314046.46	1
1453314046.46	1
1453319083.877	1
1453319083.877	1
1453322690.936	1
1453322690.936	1
1453322705.0	1
1453322705.0	1
1453322733.659	1
1453322733.659	1
1453322745.0	1
1453322745.0	1
1453322749.987	1
1453322749.987	1
1453322759.063	1
1453322759.063	1
1453322911.0	1
1453322911.0	1
1453322931.646	1
1453322931.646	1
1453322958.0	1
1453322958.0	1
1453324689.095	1
1453328747.0	1
1453330084.031	1
1453330110.0	1
1453330230.193	1
1453330272.659	1
1453330477.605	1
1453331909.0	1
1453333611.853	1
1453333748.668	1
1453334881.943	1
1453334926.0	1
1453334933.08	1
1453334940.483	1
1453334964.171	1
1453334968.612	1
1453335123.0	1
1453335151.299	1
1453335177.668	1
1453335206.635	1
1453335315.0	1
1453335340.0	1
1453335356.478	1
1453335371.582	1
1453335381.261	1
1453335581.0	1
1453335828.0	1
1453335860.273	1
1453335914.0	1
1453336065.144	1
1453336121.0	1
1453336230.0	1
1453336233.496	1
1453336267.0	1
1453336275.395	1
1453336304.0	1
1453336305.533	1
1453336353.219	1
1453336367.686	1
1453336469.0	1
1453336485.579	1
1453336509.946	1
1453336519.722	1
1453336532.0	1
1453336551.702	1
1453336569.0	1
1453336682.254	1
1453336696.564	1
1453336746.0	1
1453336802.314	1
1453336815.0	1
1453336840.137	1
1453336853.0	1
1453336900.151	1
1453336901.0	1
1453336916.61	1
1453336925.657	1
1453337005.0	1
1453337051.166	1
1453337068.0	1
1453337124.0	1
1453337777.517	1
1453338478.0	1
1453338478.0	1
1453342311.0	1
1453342408.558	1
1453342433.0	1
1453342495.729	1
1453343589.536	1
1453364277.455	1
1453364353.758	1
1453364382.0	1
1453381862.555	1
1453382545.0	1
1453382563.987	1
1453382581.0	1
1453382637.971	1
1453382657.481	1
1453382943.0	1
1453385965.0	0
1453385965.0	0
1453385986.714	0
1453385986.714	0
1453385999.226	0
1453385999.226	0
1453386065.0	0
1453386065.0	0
1453386094.658	0
1453386094.658	0
1453386105.677	1
1453386105.677	1
1453386113.0	0
1453386113.0	0
1453386149.533	1
1453386149.533	1
1453386176.13	1
1453386289.146	1
1453386796.462	1
1453386929.619	1
1453386961.79	1
1453387128.334	1
1453387408.363	1
1453387490.347	1
1453387657.083	1
1453387911.256	1
1453388478.928	1
1453388550.183	1
1453388913.598	1
1453388996.635	1
1453389189.224	1
1453389202.075	1
1453389704.339	1
1453389854.976	1
1453390086.954	1
1453390086.954	1
1453390118.256	1
1453390118.256	1
1453392357.927	1
1453392420.079	1
1453392474.701	1
1453392523.631	1
1453392592.0	1
1453394595.461	1
1453395069.46	1
1453395152.968	1
1453395152.968	1
1453396501.0	1
1453396773.618	1
1453396773.618	1
1453397172.0	1
1453404971.912	1
1453404982.0	1
1453405004.144	1
1453405012.0	1
1453405035.146	1
1453405082.0	1
1453405108.856	1
1453405135.0	1
1453405149.847	1
1453405161.0	1
1453405216.042	1
1453405786.0	1
1453405786.0	1
1453405802.225	1
1453405802.225	1
1453405807.0	1
1453405807.0	1
1453405926.217	1
1453406518.985	1
1453406933.881	1
1453409045.383	1
1453409045.383	1
1453409079.0	1
1453409079.0	1
1453411327.0	1
1453411391.0	1
1453411405.384	1
1453411464.889	1
1453411739.0	1
1453411805.033	1
1453411832.0	1
1453411867.607	1
1453413362.888	1
1453418169.824	0
1453418276.896	0
1453418278.761	1
1453418324.0	1
1453418330.0	1
1453418357.0	0
1453418386.435	1
1453418481.0	1
1453418542.091	1
1453418556.0	1
1453422926.33	1
1453423912.617	1
1453423932.0	1
1453424107.862	1
1453424121.0	1
1453424173.92	1
1453424393.699	1
1453429837.0	0
1453430758.868	0
1453430768.512	1
1453430902.0	1
1453430952.798	1
1453430987.293	1
1453431043.511	1
1453431049.0	1
1453431148.407	0
1453431178.0	0
1453431239.403	1
1453431249.0	1
1453433819.0	1
1453433853.594	1
1453433865.099	1
1453433867.682	1
1453433869.0	1
1453433888.972	0
1453433889.0	1
1453433915.0	0
1453433936.513	1
1453433950.715	0
1453433975.0	1
1453433991.0	0
1453437220.0	1
1453437304.251	1
1453437378.598	1
1453437378.598	1
1453437399.0	1
1453437399.0	1
1453437414.403	1
1453437414.403	1
1453437429.0	1
1453437429.0	1
1453437445.702	1
1453437445.702	1
1453437453.0	1
1453437453.0	1
1453438426.0	0
1453438443.795	0
1453438458.009	1
1453438490.0	0
1453455647.976	1
1453464450.582	1
1453466922.316	1
1453466933.0	1
1453466943.952	1
1453467495.975	1
1453467986.192	1
1453468035.238	1
1453468379.76	1
1453468437.531	1
1453468894.017	1
1453468914.279	1
1453468938.0	1
1453469015.811	1
1453469032.151	1
1453469044.0	1
1453469072.673	1
1453472098.332	1
1453472098.332	1
1453472643.925	1
1453472643.925	1
1453472745.9	1
1453472745.9	1
1453473018.629	1
1453473018.629	1
1453479204.41	1
1453479220.0	1
1453479234.399	1
1453479261.0	1
1453479309.171	1
1453479322.0	1
1453479339.704	1
1453479359.0	1
1453479378.439	1
1453479381.618	1
1453479396.702	1
1453479401.0	1
1453479497.588	1
1453479518.0	1
1453479524.109	1
1453483221.33	1
1453483221.33	1
1453484120.259	1
1453484120.259	1
1453484139.0	1
1453484139.0	1
1453484156.911	1
1453484156.911	1
1453484172.0	1
1453484172.0	1
1453484435.0	1
1453484435.0	1
1453484455.551	1
1453484455.551	1
1453484554.799	1
1453484554.799	1
1453485292.054	1
1453485292.054	1
1453487109.797	0
1453490278.0	0
1453490278.0	0
1453501959.422	1
1453502954.584	1
1453504987.835	1
1453509056.8	1
1453509069.0	1
1453509086.684	1
1453509250.246	1
1453509380.0	1
1453509399.387	1
1453509407.0	1
1453509424.303	1
1453513895.848	1
1453514738.309	1
1453515066.949	1
1453516081.383	1
1453516230.942	1
1453518377.0	1
1453518413.831	1
1453518469.673	1
1453518511.0	1
1453518558.037	1
1453519602.308	1
1453527097.0	1
1453552957.0	1
1453559590.367	1
1453560605.755	1
1453560615.551	1
1453560775.615	1
1453561111.851	1
1453561132.0	1
1453561198.645	1
1453561215.0	1
1453561228.889	1
1453561240.834	1
1453561630.214	1
1453561726.715	1
1453563188.305	1
1453563261.164	1
1453563489.472	1
1453566678.021	1
1453566682.555	1
1453566716.0	1
1453566726.624	1
1453567139.0	0
1453567171.101	0
1453567232.0	0
1453567309.311	1
1453567538.0	1
1453567701.201	1
1453567710.773	1
1453567776.0	1
1453567799.376	1
1453567811.0	1
1453567817.0	1
1453567820.0	1
1453567834.502	1
1453567851.0	1
1453567898.141	1
1453567913.0	1
1453567938.543	1
1453568824.079	1
1453568837.0	1
1453568846.0	1
1453568860.634	1
1453568872.0	1
1453568897.109	1
1453572978.63	1
1453573128.346	1
1453573150.0	1
1453573205.0	1
1453573214.668	1
1453573245.152	1
1453575001.95	1
1453575023.748	1
1453575033.0	1
1453575045.0	1
1453575047.066	1
1453589346.839	1
1453589686.0	1
1453589689.0	1
1453589764.953	1
1453589787.0	1
1453590139.032	1
1453590157.229	1
1453590160.0	1
1453591606.171	1
1453592728.265	1
1453592755.0	1
1453592758.0	1
1453592766.218	1
1453604281.0	1
1453604356.017	1
1453604380.746	1
1453604408.0	1
1453647514.365	1
1453647539.0	1
1453647563.089	1
1453647574.895	1
1453647588.714	1
1453647593.0	1
1453647609.503	1
1453647619.0	1
1453647634.717	1
1453647652.528	1
1453647666.0	1
1453647675.91	1
1453648244.414	1
1453648281.0	1
1453648302.342	1
1453648310.954	1
1453648328.0	1
1453648339.0	1
1453648366.607	1
1453648379.0	1
1453648425.389	1
1453648472.0	1
1453648478.845	1
1453648517.336	1
1453648570.0	1
1453648635.918	1
1453649779.818	1
1453649897.385	1
1453652377.0	0
1453652572.0	1
1453652603.575	1
1453652612.784	1
1453652633.0	1
1453654791.0	0
1453654816.869	0
1453654917.612	1
1453655439.718	1
1453655467.0	1
1453655488.11	1
1453655517.0	1
1453655587.316	1
1453655601.0	1
1453655618.728	1
1453656212.0	0
1453659474.722	1
1453659519.178	1
1453659571.0	1
1453659616.18	1
1453659631.447	1
1453668227.644	1
1453668877.0	1
1453668882.0	1
1453668915.285	1
1453669016.084	1
1453669126.0	1
1453669142.643	1
1453669182.551	1
1453669191.718	1
1453669230.617	1
1453669250.0	1
1453669325.793	1
1453669356.547	1
1453669391.279	1
1453669412.688	1
1453670017.805	1
1453670017.805	1
1453670036.0	1
1453670036.0	1
1453670174.173	1
1453670174.173	1
1453670300.1	1
1453670549.0	1
1453670581.29	1
1453670590.0	1
1453670608.477	1
1453670615.0	1
1453671821.582	1
1453672347.517	1
1453672365.112	1
1453672383.333	1
1453677203.495	1
1453677215.0	1
1453678491.0	1
1453678512.814	1
1453680098.079	1
1453680175.311	1
1453680896.967	1
1453680919.0	1
1453681012.448	1
1453682694.544	1
1453725833.603	1
1453726063.172	1
1453726103.245	1
1453726121.097	1
1453727141.598	1
1453727158.129	1
1453727178.806	1
1453730147.733	1
1453730147.733	1
1453730456.967	1
1453730530.801	1
1453730530.801	1
1453731513.213	1
1453732773.526	0
1453732773.526	0
1453733076.0	0
1453733103.0	0
1453733123.494	0
1453733123.494	0
1453733145.0	0
1453733145.0	0
1453733152.0	0
1453733152.0	0
1453733168.33	0
1453733168.33	0
1453733228.0	0
1453733228.0	0
1453733261.064	0
1453733261.064	0
1453733929.773	1
1453734106.822	1
1453734143.135	1
1453734161.44	1
1453734175.308	1
1453734239.943	1
1453734402.0	1
1453734533.527	1
1453735153.759	1
1453735213.753	1
1453736297.0	0
1453736333.13	0
1453736504.549	1
1453736504.549	1
1453738528.0	0
1453738958.1	0
1453739909.0	0
1453739909.0	0
1453739918.0	0
1453739918.0	0
1453739959.0	0
1453739959.0	0
1453739984.0	0
1453739984.0	0
1453740532.0	1
1453740532.0	1
1453740558.97	0
1453740558.97	0
1453741200.668	1
1453741200.668	1
1453741213.005	1
1453741213.005	1
1453741883.672	0
1453741938.0	0
1453747843.582	1
1453749459.609	1
1453749847.536	1
1453750563.441	1
1453750563.441	1
1453763949.0	1
1453763992.686	1
1453764579.406	1
1453764985.042	1
1453765012.022	1
1453766753.417	1
1453766753.417	1
1453766904.28	1
1453766904.28	1
1453767187.795	1
1453816949.821	1
1453817005.0	1
1453817044.839	1
1453817082.098	1
1453817159.474	1
1453817912.222	1
1453817932.164	1
1453817959.875	1
1453820896.208	1
1453824583.906	0
1453832086.452	1
1453832394.0	0
1453832789.411	0
1453833004.972	1
1453833643.144	1
1453833643.144	1
1453834969.425	1
1453835015.0	1
1453835089.735	1
1453835153.0	1
1453835843.374	1
1453836018.923	1
1453836161.0	1
1453836331.258	1
1453836331.258	1
1453840602.857	1
1453844523.886	1
1453848795.072	1
1453848812.0	1
1453848828.281	1
1453859415.0	1
1453859437.557	1
1453904312.451	1
1453905686.444	1
1453905834.55	1
1453907364.026	1
1453908335.525	1
1453908621.0	1
1453908694.721	1
1453908876.962	1
1453909869.732	1
1453911140.561	1
1453911163.0	1
1453911177.418	1
1453912367.0	1
1453915988.835	1
1453916030.0	1
1453921695.938	1
1453921726.0	1
1453921741.911	1
1453921756.969	1
1453921769.0	1
1453922149.46	1
1453922339.0	1
1453922645.549	1
1453922696.335	1
1453922746.149	1
1453922750.877	1
1453922765.38	1
1453923398.613	1
1453923448.428	1
1453924237.236	1
1453924266.419	1
1453924284.0	1
1453927095.0	1
1453927111.885	1
1453927797.89	1
1453927807.0	1
1453927852.415	1
1453927865.0	1
1453927877.416	1
1453927893.0	1
1453927922.743	1
1453927935.0	1
1453930755.403	1
1453930764.558	1
1453930775.69	1
1453932369.78	1
1453939918.0	1
1453940189.827	1
1453940211.0	1
1453940264.804	1
1453945969.843	1
1453946331.381	1
